dataset,days,origins,initialization,metric,value,improvement_percent
PeMS04,1,288,Warm start,MAE,17.994232177734375,1.476387943771688
PeMS04,1,288,Warm start,RMSE,29.572328567504883,0.9407057516544738
PeMS04,1,288,Warm start,MAPE,11.45546817779541,0.8414165694708134
PeMS04,1,288,Cold start,MAE,18.173479080200195,0.49495944455096597
PeMS04,1,288,Cold start,RMSE,29.767271041870117,0.2877012415238186
PeMS04,1,288,Cold start,MAPE,11.538081169128418,0.12631814953734388
PeMS04,2,576,Warm start,MAE,16.95877456665039,1.487272306647066
PeMS04,2,576,Warm start,RMSE,27.879560470581055,0.8783002972175584
PeMS04,2,576,Warm start,MAPE,11.762516975402832,1.0058499677427484
PeMS04,2,576,Cold start,MAE,17.095916748046875,0.6906197939264636
PeMS04,2,576,Cold start,RMSE,28.01480484008789,0.39745872172376284
PeMS04,2,576,Cold start,MAPE,11.832232475280762,0.41911953675408414
PeMS04,3,864,Warm start,MAE,16.91206932067871,1.2749048077460519
PeMS04,3,864,Warm start,RMSE,27.48515510559082,0.7446696399359427
PeMS04,3,864,Warm start,MAPE,11.702800750732422,1.0869151676753086
PeMS04,3,864,Cold start,MAE,17.003135681152344,0.7433001332324125
PeMS04,3,864,Cold start,RMSE,27.569442749023438,0.44028722469994663
PeMS04,3,864,Cold start,MAPE,11.745973587036133,0.7220146185914694
PeMS04,4,1152,Warm start,MAE,17.077388763427734,1.3585866186555462
PeMS04,4,1152,Warm start,RMSE,27.706104278564453,0.7878044900723794
PeMS04,4,1152,Warm start,MAPE,11.540531158447266,1.2131853290552548
PeMS04,4,1152,Cold start,MAE,17.18295669555664,0.7488113083199274
PeMS04,4,1152,Cold start,RMSE,27.802995681762695,0.4408481392016282
PeMS04,4,1152,Cold start,MAPE,11.589815139770508,0.7913150128296642
PeMS04,5,1440,Warm start,MAE,17.315685272216797,1.4553839610884491
PeMS04,5,1440,Warm start,RMSE,28.171146392822266,0.8609577354366944
PeMS04,5,1440,Warm start,MAPE,11.56494426727295,1.325058889381538
PeMS04,5,1440,Cold start,MAE,17.426837921142578,0.8228074884914306
PeMS04,5,1440,Cold start,RMSE,28.271215438842773,0.5087977897793404
PeMS04,5,1440,Cold start,MAPE,11.619226455688477,0.8619099436131477
PeMS04,6,1728,Warm start,MAE,17.608158111572266,1.4959224570614653
PeMS04,6,1728,Warm start,RMSE,28.838706970214844,0.8871835826494814
PeMS04,6,1728,Warm start,MAPE,11.654509544372559,1.3859313163910527
PeMS04,6,1728,Cold start,MAE,17.724687576293945,0.8440298879325238
PeMS04,6,1728,Cold start,RMSE,28.944543838500977,0.5234436234528073
PeMS04,6,1728,Cold start,MAPE,11.708479881286621,0.9292639215892916
PeMS04,7,2016,Warm start,MAE,17.702674865722656,1.550855385204169
PeMS04,7,2016,Warm start,RMSE,28.961307525634766,0.9406939784025034
PeMS04,7,2016,Warm start,MAPE,11.528117179870605,1.411825941542167
PeMS04,7,2016,Cold start,MAE,17.82557487487793,0.8673767094524565
PeMS04,7,2016,Cold start,RMSE,29.076168060302734,0.5478248082724078
PeMS04,7,2016,Cold start,MAPE,11.584240913391113,0.9318571554170737
PeMS08,1,288,Warm start,MAE,13.148473739624023,2.208727081811755
PeMS08,1,288,Warm start,RMSE,23.135211944580078,1.436532741202919
PeMS08,1,288,Warm start,MAPE,8.994144439697266,-1.1261395536359562
PeMS08,1,288,Cold start,MAE,13.309754371643066,1.0092085206070147
PeMS08,1,288,Cold start,RMSE,23.29302215576172,0.7642103254772475
PeMS08,1,288,Cold start,MAPE,8.878010749816895,0.17961574176336745
PeMS08,2,576,Warm start,MAE,12.448594093322754,1.516206979205703
PeMS08,2,576,Warm start,RMSE,21.3773136138916,1.0557531040280084
PeMS08,2,576,Warm start,MAPE,8.661260604858398,-0.5443928006504284
PeMS08,2,576,Cold start,MAE,12.54563045501709,0.7485292086113603
PeMS08,2,576,Cold start,RMSE,21.468456268310547,0.6339020957833527
PeMS08,2,576,Cold start,MAPE,8.607264518737793,0.08242169440847683
PeMS08,3,864,Warm start,MAE,12.797420501708984,1.8942882133665229
PeMS08,3,864,Warm start,RMSE,22.384164810180664,1.197259562859242
PeMS08,3,864,Warm start,MAPE,8.4574613571167,0.18649700878831982
PeMS08,3,864,Cold start,MAE,12.925789833068848,0.9102020357691072
PeMS08,3,864,Cold start,RMSE,22.524038314819336,0.5798639311686461
PeMS08,3,864,Cold start,MAPE,8.453092575073242,0.23805662238272496
PeMS08,4,1152,Warm start,MAE,12.977967262268066,2.168754124712618
PeMS08,4,1152,Warm start,RMSE,22.573486328125,1.4269552576960842
PeMS08,4,1152,Warm start,MAPE,8.740264892578125,-0.22119052709220355
PeMS08,4,1152,Cold start,MAE,13.117431640625,1.1174358701544063
PeMS08,4,1152,Cold start,RMSE,22.730897903442383,0.7395763552451861
PeMS08,4,1152,Cold start,MAPE,8.753931045532227,-0.37789494461488493
PeMS08,5,1440,Warm start,MAE,13.043452262878418,2.3758197863068413
PeMS08,5,1440,Warm start,RMSE,22.7371826171875,1.5774172926150978
PeMS08,5,1440,Warm start,MAPE,8.844018936157227,0.11000837045967729
PeMS08,5,1440,Cold start,MAE,13.182141304016113,1.3377967481711683
PeMS08,5,1440,Cold start,RMSE,22.8923282623291,0.9058373810786049
PeMS08,5,1440,Cold start,MAPE,8.851051330566406,0.030580021906885718
PeMS08,6,1728,Warm start,MAE,13.063056945800781,2.574044920212702
PeMS08,6,1728,Warm start,RMSE,22.85308074951172,1.7476099476560003
PeMS08,6,1728,Warm start,MAPE,8.789258003234863,0.5298480987711457
PeMS08,6,1728,Cold start,MAE,13.202437400817871,1.5345276000451225
PeMS08,6,1728,Cold start,RMSE,23.008424758911133,1.079738496489298
PeMS08,6,1728,Cold start,MAPE,8.8045654296875,0.35661026300614
PeMS08,7,2016,Warm start,MAE,13.153336524963379,2.692874821150899
PeMS08,7,2016,Warm start,RMSE,23.107908248901367,1.8749315099891948
PeMS08,7,2016,Warm start,MAPE,8.923911094665527,0.6306926245567758
PeMS08,7,2016,Cold start,MAE,13.297481536865234,1.6265038140364443
PeMS08,7,2016,Cold start,RMSE,23.272720336914062,1.17507597784702
PeMS08,7,2016,Cold start,MAPE,8.937042236328125,0.4844750705919958
