dataset,source_router,target_backbone,setting,metric,base,value,improvement_percent
PeMS04,STAEformer,STAEformer,Within-backbone,MAE,18.164531707763672,17.88142967224121,1.5585429895859124
PeMS04,STAEformer,STAEformer,Within-backbone,RMSE,29.72980499267578,29.44806480407715,0.9476691443756263
PeMS04,STAEformer,STAEformer,Within-backbone,MAPE,11.924560546875,11.745647430419922,1.5003749257826096
PeMS04,Official STID,STAEformer,Transferred,MAE,18.164531707763672,17.881187438964844,1.5598765404875503
PeMS04,Official STID,STAEformer,Transferred,RMSE,29.72980499267578,29.45215606689453,0.9339076588280731
PeMS04,Official STID,STAEformer,Transferred,MAPE,11.924560546875,11.878743171691895,0.3842269491022255
PeMS04,STAEformer,Official STID,Transferred,MAE,18.388011932373047,18.1442928314209,1.3254238786035828
PeMS04,STAEformer,Official STID,Transferred,RMSE,29.910717010498047,29.658546447753906,0.843077625506717
PeMS04,STAEformer,Official STID,Transferred,MAPE,12.592150688171387,12.538681983947754,0.4246193168086798
PeMS04,Official STID,Official STID,Within-backbone,MAE,18.388011932373047,18.132404327392578,1.3900774369765245
PeMS04,Official STID,Official STID,Within-backbone,RMSE,29.910717010498047,29.632280349731445,0.9308926317910601
PeMS04,Official STID,Official STID,Within-backbone,MAPE,12.592150688171387,12.518871307373047,0.5819449164246093
PeMS08,STAEformer,STAEformer,Within-backbone,MAE,13.449321746826172,13.0425443649292,3.0245196713578935
PeMS08,STAEformer,STAEformer,Within-backbone,RMSE,23.23230743408203,22.73308563232422,2.1488257383571336
PeMS08,STAEformer,STAEformer,Within-backbone,MAPE,8.814688682556152,8.665827751159668,1.6887826304186222
PeMS08,Official STID,STAEformer,Transferred,MAE,13.449321746826172,13.03020191192627,3.116289748951898
PeMS08,Official STID,STAEformer,Transferred,RMSE,23.23230743408203,22.697959899902344,2.3000192111602065
PeMS08,Official STID,STAEformer,Transferred,MAPE,8.814688682556152,8.759148597717285,0.630085608681545
PeMS08,STAEformer,Official STID,Transferred,MAE,14.230123519897461,13.718131065368652,3.597948069901911
PeMS08,STAEformer,Official STID,Transferred,RMSE,23.39958953857422,22.824007034301758,2.459797439282485
PeMS08,STAEformer,Official STID,Transferred,MAPE,9.240509986877441,9.078405380249023,1.7542820348511572
PeMS08,Official STID,Official STID,Within-backbone,MAE,14.230123519897461,13.584572792053223,4.536508252662658
PeMS08,Official STID,Official STID,Within-backbone,RMSE,23.39958953857422,22.74123764038086,2.8135190025793673
PeMS08,Official STID,Official STID,Within-backbone,MAPE,9.240509986877441,9.120917320251465,1.294221496387229
