method,MAE,RMSE,MAPE,dataset,stress,level
CMRR,13.0425443649292,22.73308563232422,8.665827751159668,PeMS08,extra_delay,0
CMRR,13.053760528564453,22.748088836669922,8.680856704711914,PeMS08,extra_delay,1
CMRR,13.071749687194824,22.768115997314453,8.708251953125,PeMS08,extra_delay,3
CMRR,13.090865135192871,22.783449172973633,8.745018005371094,PeMS08,extra_delay,6
CMRR,13.113064765930176,22.78999137878418,8.809511184692383,PeMS08,extra_delay,12
CMRR,13.187772750854492,22.84670066833496,8.950299263000488,PeMS08,extra_delay,24
CMRR,13.070024490356445,22.768199920654297,8.681316375732422,PeMS08,missing_feedback,0.1
CMRR,13.128944396972656,22.842126846313477,8.720840454101562,PeMS08,missing_feedback,0.3
CMRR,13.193658828735352,22.918415069580078,8.775468826293945,PeMS08,missing_feedback,0.5
