experiment,variant,MAE,RMSE,MAPE,calibration_samples,dataset,prefix_percent,MAE_improvement_percent
calibration_efficiency,5%,18.08090209960937,29.661602020263672,11.85116481781006,169,PeMS04,5.0,0.46040057348990965
calibration_efficiency,10%,18.006746292114258,29.559038162231445,11.843727111816406,339,PeMS04,10.0,0.8686456562046974
calibration_efficiency,20%,18.015214920043945,29.562280654907227,11.817042350769045,678,PeMS04,20.0,0.8220238766513718
calibration_efficiency,50%,18.008556365966797,29.561710357666016,11.802412033081056,1697,PeMS04,50.0,0.858680775845214
calibration_efficiency,100%,17.88142967224121,29.44806480407715,11.745647430419922,3394,PeMS04,100.0,1.5585429895859124
calibration_efficiency,5%,13.29964828491211,23.07724952697754,8.746573448181152,178,PeMS08,5.0,1.1128699627502263
calibration_efficiency,10%,13.334671020507812,23.126163482666016,8.764561653137207,356,PeMS08,10.0,0.8524647448888278
calibration_efficiency,20%,13.185973167419434,22.89766502380371,8.740289688110352,713,PeMS08,20.0,1.9580807446210766
calibration_efficiency,50%,13.190016746520996,22.907196044921875,8.735675811767578,1783,PeMS08,50.0,1.9280154433539942
calibration_efficiency,100%,13.0425443649292,22.73308563232422,8.665827751159668,3567,PeMS08,100.0,3.0245196713578935
