dataset,sensor_index,valid_observations,base_MAE,cmrr_MAE,improvement_percent,improved
PeMS04,0,40728,24.53962415291691,24.511975790610883,0.11266823865654654,True
PeMS04,1,40728,24.654790623158515,24.458460702710667,0.7963155049608627,True
PeMS04,2,40728,40.055032778432526,40.16773779709291,-0.2813754248656385,False
PeMS04,3,37452,15.392345535618926,14.204471723806472,7.717302142572315,True
PeMS04,4,40392,15.339377228163993,15.201508033769063,0.8987926455175423,True
PeMS04,5,40728,16.873661854252603,16.476593191416224,2.3531860853090816,True
PeMS04,6,40728,15.627103896582204,15.231028101060696,2.5345438165809693,True
PeMS04,7,40716,12.49297957191276,12.43718378524413,0.446617128823879,True
PeMS04,8,40716,14.408016811572846,14.214746659789764,1.3414070396408975,True
PeMS04,9,40728,15.128547927715577,14.822414862011392,2.023545598473116,True
PeMS04,10,34778,31.05129679682558,30.819817844614413,0.7454727373409745,True
PeMS04,11,40716,15.287324086354259,15.006410256410257,1.837560506712553,True
PeMS04,12,38808,51.28985003092146,50.262474876314165,2.003076932351939,True
PeMS04,13,40728,13.318021385778826,13.123638835690434,1.4595452617004825,True
PeMS04,14,40716,11.852382202328323,11.711528483888397,1.1884000704285111,True
PeMS04,15,40728,19.323484457866822,19.145776554213317,0.9196473029539899,True
PeMS04,16,40716,19.91002001670105,19.588566227036054,1.6145327297278083,True
PeMS04,17,40716,19.468442995382652,19.4073966622458,0.3135655642894972,True
PeMS04,18,37728,34.73122084393554,34.454725270356235,0.7961009341472169,True
PeMS04,19,40716,18.26215277777778,18.010422806759014,1.3784244063771143,True
PeMS04,20,40704,13.80286489042846,13.78202695066824,0.15096822236280866,True
PeMS04,21,40716,9.380230591168091,9.111407370566853,2.8658487442126117,True
PeMS04,22,40032,14.80795051458833,14.433128497202238,2.531221434166922,True
PeMS04,23,40728,18.69873152376743,18.640991762423884,0.30878972335720517,True
PeMS04,24,40680,13.440898475909538,13.360173918387414,0.6005889983233572,True
PeMS04,25,37788,23.634129882502382,22.63593270350376,4.223541056773334,True
PeMS04,26,40704,16.65448727397799,16.402294614779873,1.5142625230628215,True
PeMS04,27,40716,14.805965406719718,14.58736430395913,1.4764393726151395,True
PeMS04,28,40704,32.5770317413522,32.60693973565252,-0.09180699622290087,False
PeMS04,29,40728,15.107447579061088,15.09299192201925,0.09568563429518856,True
PeMS04,30,40584,31.08736201458703,31.016019244037057,0.22949123350027542,True
PeMS04,31,28240,20.843039571529744,20.475721494334277,1.7623057133048863,True
PeMS04,32,40728,29.5176598408957,29.37135999803575,0.4956349644535723,True
PeMS04,33,40728,21.945682331565507,21.981869045865253,-0.16489218130937924,False
PeMS04,34,40716,14.938692712938403,14.731168336771786,1.3891736054446073,True
PeMS04,35,40716,17.258115667059634,16.959503020925435,1.730273755808448,True
PeMS04,36,40716,16.76250583308773,16.386569469004815,2.2427217495181933,True
PeMS04,37,40632,16.150423311675528,15.88621652884426,1.6359124323401886,True
PeMS04,38,40728,13.382609936652917,13.233171896483992,1.1166584162304398,True
PeMS04,39,40728,44.31128768905912,38.85864454429385,12.305314129048833,True
PeMS04,40,40728,16.716529476036143,16.500440421822823,1.2926669648930007,True
PeMS04,41,40728,32.86948475250442,32.56041912197996,0.9402813364785383,True
PeMS04,42,40716,27.24231260438157,27.085270532468808,0.576463805380107,True
PeMS04,43,40416,30.98652451999208,30.878324797110057,0.34918315157356394,True
PeMS04,44,40716,11.85104135966205,11.825774112142646,0.21320698116375575,True
PeMS04,45,40728,23.39222709192693,23.243300063838145,0.6366517711354746,True
PeMS04,46,40584,10.365649024246009,10.308139445347921,0.5548092431411585,True
PeMS04,47,40716,13.114974764220454,12.823903686511445,2.2193796247560726,True
PeMS04,48,40728,17.31639934443135,17.05210481732469,1.5262672213184585,True
PeMS04,49,40728,11.822991860636417,11.472381561824788,2.9654955610597566,True
PeMS04,50,40728,17.972086156943625,17.59880641082302,2.076997310500799,True
PeMS04,51,40716,17.720937407898614,17.20800023332351,2.8945261910720155,True
PeMS04,52,40728,23.545610513651543,23.596065667354154,-0.21428687811410765,False
PeMS04,53,40728,22.8279884231978,22.741510754272245,0.37882299273324704,True
PeMS04,54,40656,12.703575425521448,12.500779405253837,1.5963696319714389,True
PeMS04,55,40716,37.60457191276157,37.471915217604874,0.35276746525514563,True
PeMS04,56,40716,19.322185995677376,19.193933281756557,0.6637588208161901,True
PeMS04,57,37632,54.34046489689626,53.93731398809524,0.7418981592556146,True
PeMS04,58,40728,25.232478270477312,25.203089704871342,0.11647118166888686,True
PeMS04,59,40728,16.071951421626398,15.981649602239246,0.5618597083714556,True
PeMS04,60,40584,6.881846140104475,6.725690851074315,2.2690900937199565,True
PeMS04,61,40728,18.17681785258299,17.96303679286977,1.1761192825224966,True
PeMS04,62,40728,13.410830693871539,13.238122421921037,1.2878268012840195,True
PeMS04,63,40716,19.38154994351115,19.217214976913255,0.8478938324172254,True
PeMS04,64,40608,18.00149908884949,17.657887608353033,1.908793699905228,True
PeMS04,65,40728,17.793939366038106,17.738519875761146,0.3114514955734633,True
PeMS04,66,40716,12.503004040180764,12.327231616563513,1.405841532581881,True
PeMS04,67,40728,17.97953342909055,17.899273841092125,0.44639416431445417,True
PeMS04,68,40728,10.786564986004715,10.78775811481045,-0.011061248945172053,False
PeMS04,69,40728,25.60506592516205,25.452185842663525,0.5970696695152494,True
PeMS04,70,33179,20.062547093040777,18.086896078845054,9.847458575591478,True
PeMS04,71,40728,18.382744978884304,18.039725434590455,1.8659865253413737,True
PeMS04,72,40728,27.06084880180711,26.8175947750933,0.8989149915266728,True
PeMS04,73,40716,17.10564182385303,16.87610521662246,1.341876613542164,True
PeMS04,74,32805,19.349594192958392,19.137149443682365,1.0979287067081716,True
PeMS04,75,40728,24.040213428108427,23.887911878805735,0.6335282744395978,True
PeMS04,76,40716,20.923003241968757,20.664500749091268,1.2354942064864205,True
PeMS04,77,40728,20.59810971567472,20.495655630033394,0.49739557199931494,True
PeMS04,78,40728,20.216271668139854,19.64606812266745,2.820517822636029,True
PeMS04,79,40704,44.611426395440255,44.71090679048742,-0.2229930829051775,False
PeMS04,80,40728,26.374659325279907,26.077296331761932,1.127457192339751,True
PeMS04,81,40728,27.552160061873895,27.592703422706737,-0.14715129681953804,False
PeMS04,82,40728,34.50739049302691,34.56546785994893,-0.16830414033700028,False
PeMS04,83,40704,12.69633742998231,12.653222042059749,0.33958917806284183,True
PeMS04,84,40728,20.753299327244157,20.68690305195443,0.319931179340548,True
PeMS04,85,40728,18.21458824395993,18.038209278628955,0.9683390201777639,True
PeMS04,86,40728,6.865801015272049,6.774520906992732,1.3294895683151338,True
PeMS04,87,40728,12.473725845855432,12.330507421184443,1.1481607535776923,True
PeMS04,88,40728,37.40616099489295,37.20291936751129,0.5433373058769824,True
PeMS04,89,40728,12.288912879345904,12.266613263602435,0.18146125668242086,True
PeMS04,90,40716,31.362996119461638,31.087189311327244,0.8794019776804687,True
PeMS04,91,40728,37.94263467393439,37.83280237183265,0.28946936090654635,True
PeMS04,92,40728,28.9381966951483,28.478159988214497,1.5897214044817494,True
PeMS04,93,40716,16.652859134001375,16.604102195697024,0.2927841874600382,True
PeMS04,94,40716,20.273696151390116,19.859189262206502,2.0445551027713886,True
PeMS04,95,40728,37.76951360243567,37.513556398546456,0.6776820230819995,True
PeMS04,96,40728,46.018264461795326,46.11151112256924,-0.20262967729112952,False
PeMS04,97,40728,35.107708456099,34.817628535651146,0.8262570620654061,True
PeMS04,98,40728,12.159619917501473,11.946423529267335,1.753314574637997,True
PeMS04,99,40728,31.27450709585543,31.282732395403652,-0.0263003331211963,False
PeMS04,100,39936,19.689019618890224,19.308648525140224,1.9318945336671858,True
PeMS04,101,40728,30.666691219799645,30.658990743468866,0.025110228800319177,True
PeMS04,102,40716,17.457128340210236,17.297126743786226,0.9165401852231735,True
PeMS04,103,40728,19.416301438813594,19.05648755156158,1.8531535904811285,True
PeMS04,104,40728,12.56842497790218,12.303028628953054,2.111611832156747,True
PeMS04,105,40716,13.776164468513606,12.525525131397977,9.078284017108343,True
PeMS04,106,40200,48.945115049751244,48.31693097014925,1.28344591480368,True
PeMS04,107,40536,11.235441181912375,11.12125795589106,1.0162771908337223,True
PeMS04,108,40728,22.20825200108034,22.103976379886074,0.46953547352215147,True
PeMS04,109,40728,24.146899860047142,23.962208124631704,0.764867276900519,True
PeMS04,110,40728,20.27220984335101,19.682288597525044,2.9099997009919063,True
PeMS04,111,40728,26.596288180121782,26.352822382636024,0.9154126915639516,True
PeMS04,112,40704,9.20948110136596,9.08019175019654,1.4038722675726274,True
PeMS04,113,40728,13.051475643292084,12.60793403800825,3.3984019692960707,True
PeMS04,114,40560,17.55287074704142,17.368991925542407,1.0475712158366335,True
PeMS04,115,40680,12.081077157079646,11.886059642330384,1.614239460717122,True
PeMS04,116,40632,11.881531182319355,11.736045481393976,1.224469293502112,True
PeMS04,117,40728,33.914788351993714,33.65546429974465,0.7646341459000099,True
PeMS04,118,35528,41.356007937401486,41.03486686557082,0.7765282188666802,True
PeMS04,119,40728,21.433683522392457,21.201803734531527,1.0818475863874601,True
PeMS04,120,40728,23.976379886073463,23.601525670300532,1.563431250063997,True
PeMS04,121,40728,21.22996617805932,20.657672547142017,2.6956879069772453,True
PeMS04,122,40728,21.8855716583186,21.42508071842467,2.1040845863347575,True
PeMS04,123,40728,17.989264142604597,17.753360710076606,1.3113567662242085,True
PeMS04,124,40728,19.88821265468474,19.699868640738558,0.947013274728922,True
PeMS04,125,40704,16.304936247051888,16.389267639544027,-0.5172138744632442,False
PeMS04,126,40716,14.223933772963946,13.807102858826998,2.9304896998974868,True
PeMS04,127,40728,23.892641426045962,23.61995740031428,1.1412887376881735,True
PeMS04,128,25712,12.136766150046672,11.534027156580585,4.966224000812349,True
PeMS04,129,40728,7.995816759968572,8.002040979178943,-0.07784344485647843,False
PeMS04,130,40692,8.490276037058882,8.41337056423867,0.9058065071680786,True
PeMS04,131,40704,8.06053996535967,7.96592856353184,1.1737600983857719,True
PeMS04,132,39888,9.518146121640594,9.47107056006819,0.49458750654575934,True
PeMS04,133,40728,11.355306852779414,11.189914647171479,1.456519033366784,True
PeMS04,134,40716,16.267534568719913,16.222097885352195,0.27930897073417954,True
PeMS04,135,40716,14.069714608507711,13.92968980253463,0.9952213663837224,True
PeMS04,136,34320,36.81321386946387,36.59109848484849,0.6033577655104638,True
PeMS04,137,40728,42.92524184835985,39.09685597132194,8.918728729735019,True
PeMS04,138,40728,13.014871525731683,12.903826912689059,0.8532132862247486,True
PeMS04,139,32725,15.71887796027502,15.31279793735676,2.5833906462313028,True
PeMS04,140,40728,14.26753860980161,14.06653745580436,1.4088004910613323,True
PeMS04,141,40728,18.01896422608525,17.39397650265174,3.468499718361962,True
PeMS04,142,40728,24.20891186652917,24.16493106707916,0.18167193838570883,True
PeMS04,143,40728,12.721846763897073,12.66218034890002,0.4690074963517014,True
PeMS04,144,40728,1.7563508213022982,1.5031428010214103,14.416710899086743,True
PeMS04,145,40728,8.049527505647221,8.024825519298762,0.30687498528490403,True
PeMS04,146,40728,26.173842319780004,26.283404537418974,-0.4185943213854099,False
PeMS04,147,40728,17.284510962973876,17.314359899823216,-0.17269182167364605,False
PeMS04,148,40728,2.608684826777647,2.3180756712212727,11.140063857976532,True
PeMS04,149,40728,2.4964231072603615,2.138953085101159,14.319288309724842,True
PeMS04,150,40728,2.4760089035798467,2.1287501074199566,14.024941334331176,True
PeMS04,151,40728,24.721440102632094,24.39447830730701,1.3225839351093114,True
PeMS04,152,40728,20.61712765173836,20.10690587556472,2.474747136420919,True
PeMS04,153,40728,4.247864261073463,3.723940685769004,12.333811607531455,True
PeMS04,154,40728,19.942723679041446,19.75291875368297,0.9517502644734013,True
PeMS04,155,40728,10.560885631506581,10.528991111765862,0.30200610870709005,True
PeMS04,156,40728,10.189749680809271,9.846225262718523,3.3712743575803468,True
PeMS04,157,40728,10.745178378511097,10.778132519396975,-0.3066877042430599,False
PeMS04,158,40728,12.034514799400904,12.015384072382636,0.1589655032807862,True
PeMS04,159,40728,18.30479952366922,18.129327489687682,0.9586121593664138,True
PeMS04,160,40728,14.92433491701041,14.658748281280692,1.779554246179567,True
PeMS04,161,40728,15.174936468768415,15.276571093596543,-0.6697532146991338,False
PeMS04,162,40728,17.86758648841092,17.629738754665095,1.331168783764373,True
PeMS04,163,40728,15.468657925751327,15.485564292378708,-0.10929433379761207,False
PeMS04,164,40728,7.4236121341583186,6.285435158244942,15.331848638431346,True
PeMS04,165,40728,13.6371829576704,13.581249386171676,0.41015488075756107,True
PeMS04,166,40728,15.019535086427029,14.873456221763897,0.9725924525795819,True
PeMS04,167,40728,21.41491879051267,21.421678574936163,-0.031565771925731734,False
PeMS04,168,40728,17.745443859261442,17.603938015615793,0.7974207056635392,True
PeMS04,169,40728,3.1865882731167745,2.767826150007366,13.141394093558905,True
PeMS04,170,40728,3.1779593814451976,2.773684182257906,12.721219835209,True
PeMS04,171,40728,16.703542403260656,16.65319313494402,0.30142868561107466,True
PeMS04,172,40728,1.744420492351699,1.492047086770772,14.467463933578069,True
PeMS04,173,40728,32.022027229424474,31.907511417206834,0.35761574805112023,True
PeMS04,174,40728,15.000271619033589,14.90253633863681,0.6515567376310926,True
PeMS04,175,40728,16.85680305932037,16.779799830583382,0.45680802264823134,True
PeMS04,176,40728,4.28403486237969,3.74968042562856,12.473157990462923,True
PeMS04,177,40728,3.1831517936063642,2.776616171614123,12.771480857708486,True
PeMS04,178,40728,4.275003145870163,3.625900793066195,15.183669594045298,True
PeMS04,179,40728,3.2073550444411705,2.7980188307184246,12.76242287027709,True
PeMS04,180,40728,1.7482120331835593,1.4979007071302297,14.318133115552543,True
PeMS04,181,40728,1.756608245555883,1.5070522160737085,14.206698056526642,True
PeMS04,182,40728,10.546041728049499,10.519544293851895,0.25125478241876753,True
PeMS04,183,40728,1.7520100959413671,1.500742060897908,14.341700177729344,True
PeMS04,184,40728,14.510946093596543,13.616559860538205,6.163528051785795,True
PeMS04,185,40728,10.348775719406797,9.878370684786878,4.545513859555196,True
PeMS04,186,40728,13.282003474268317,13.128798062757808,1.1534811883411955,True
PeMS04,187,40728,16.36307485022589,16.17080693871538,1.175010890498095,True
PeMS04,188,40728,16.83698100815164,16.73473715871145,0.6072576157844894,True
PeMS04,189,40728,1.75297476551758,1.5004081958357887,14.40788393820484,True
PeMS04,190,40728,8.390713237821647,8.362989681545866,0.33040762435802634,True
PeMS04,191,40728,1.74695560333186,1.49637783742143,14.343682543077717,True
PeMS04,192,40728,1.7495482607174426,1.4946976742044784,14.566650845542085,True
PeMS04,193,40728,1.7434884324052249,1.4937714648092222,14.322834780813906,True
PeMS04,194,40728,1.7500366378781183,1.5008066087826557,14.241417790981142,True
PeMS04,195,40728,1.7452616289776075,1.4921484643549892,14.50287798803522,True
PeMS04,196,40728,4.052167734727951,3.8668410706393637,4.573519069812883,True
PeMS04,197,40728,1.746711798394225,1.4912264750294637,14.626644395465373,True
PeMS04,198,40728,1.747881333173738,1.4997393147834415,14.196731418816027,True
PeMS04,199,40728,1.7397225956344529,1.4868716507992046,14.533980616779713,True
PeMS04,200,40728,1.7508373001988804,1.4888351341521804,14.964392523333766,True
PeMS04,201,39484,31.983100749670754,30.96278872454665,3.190159806924305,True
PeMS04,202,37668,57.00998194754168,56.77957417436551,0.40415338736326417,True
PeMS04,203,40416,29.238333828186857,28.836806586500394,1.373290434557441,True
PeMS04,204,40728,24.572032753879395,24.303751411805145,1.0918158247688887,True
PeMS04,205,40716,15.034201849395815,13.147498833382453,12.549405914017202,True
PeMS04,206,40728,16.01608690581418,15.957966570909448,0.3628872348565566,True
PeMS04,207,40728,19.9558703471813,19.76723936849342,0.9452405503051513,True
PeMS04,208,36981,39.044857494389014,38.346830128985154,1.787757492786779,True
PeMS04,209,40704,37.805108220322325,37.57571430326258,0.606780215316071,True
PeMS04,210,40728,18.497308362797092,18.213527855529364,1.534171900591142,True
PeMS04,211,40728,18.86245181447653,18.60131389952858,1.3844325091795886,True
PeMS04,212,40728,10.66842912124337,10.527419711255156,1.3217448265877427,True
PeMS04,213,40704,26.709061148781448,26.45731991941824,0.9425311805641422,True
PeMS04,214,40728,13.966250184148498,13.873203017580042,0.6662286966193876,True
PeMS04,215,40728,15.555824616971126,15.294629922903162,1.6790797048650508,True
PeMS04,216,40716,16.860764195893506,16.541528514588858,1.8933642484745632,True
PeMS04,217,40704,15.372491032822326,15.232383488109276,0.9114173130034803,True
PeMS04,218,40728,16.311315311333725,16.07639860783736,1.440206991358557,True
PeMS04,219,40728,14.93677875171872,14.80350741504616,0.8922361299435049,True
PeMS04,220,40728,19.74587353908859,19.327149012964053,2.120567243052759,True
PeMS04,221,40728,15.783906342074248,15.410450120310351,2.366057005599408,True
PeMS04,222,40692,24.922707473213407,24.996920463481764,-0.29777258489319586,False
PeMS04,223,40728,26.61654144568847,26.267042943429583,1.3130875886788058,True
PeMS04,224,40728,10.107502823610293,9.809901971616577,2.9443558630381443,True
PeMS04,225,40644,12.346940815372502,12.251603865269166,0.7721503774006696,True
PeMS04,226,29336,13.841997673506954,13.361474596059448,3.4714864774700005,True
PeMS04,227,40728,10.614966208750737,10.522250509477509,0.8734431881355887,True
PeMS04,228,40728,4.409275789997054,4.353957965036338,1.2545784749098745,True
PeMS04,229,40728,9.303572634305638,8.927316588096641,4.044210337237601,True
PeMS04,230,40728,13.435185867216656,13.344529561972108,0.674767778730626,True
PeMS04,231,40728,13.457165524945983,13.365103552838342,0.6841111669242933,True
PeMS04,232,40680,14.98118854473943,14.821799717305801,1.0639264498783552,True
PeMS04,233,40728,12.767306889609115,12.597753695246514,1.3280263083563448,True
PeMS04,234,40728,21.617979338538596,21.317487355136514,1.3900095781218198,True
PeMS04,235,40728,16.560173590650166,16.56298645894716,-0.016985741614350063,False
PeMS04,236,40728,16.528771668139854,16.405258667255943,0.7472606153909732,True
PeMS04,237,40728,15.462542661068552,15.456602337458259,0.038417508300556256,True
PeMS04,238,40728,13.928387718522883,13.842169392064427,0.6190115338604247,True
PeMS04,239,40728,21.489733721272835,21.253412885484188,1.099691782382165,True
PeMS04,240,40728,18.653236102926734,18.36194540610882,1.5616094451954612,True
PeMS04,241,40716,18.214408954710677,18.004330300127712,1.1533652017219787,True
PeMS04,242,33716,17.9426570470993,17.56978326313916,2.0781413977949192,True
PeMS04,243,40728,15.228720106560598,15.140534460322137,0.5790745750226928,True
PeMS04,244,40716,11.344074657382848,11.194525033156498,1.3183060649994989,True
PeMS04,245,40728,18.55533508888234,18.34721659546258,1.1216099974635199,True
PeMS04,246,40728,17.435328582302102,17.338653690335885,0.5544770292677327,True
PeMS04,247,31904,22.278148899824473,21.67134998746239,2.723740267158664,True
PeMS04,248,40728,11.382767230161068,11.344132108131998,0.3394176587104286,True
PeMS04,249,40728,8.367667820663916,8.128336924229032,2.860186393200957,True
PeMS04,250,40728,19.571719701433903,19.415557171970143,0.7978988655366804,True
PeMS04,251,40728,23.516349317422904,23.10189857100766,1.762394072400449,True
PeMS04,252,40728,21.75471880524455,21.676058240031427,0.3615793240874269,True
PeMS04,253,40728,20.734123330386957,20.53845327538794,0.9437102880171058,True
PeMS04,254,40728,17.771284497151836,17.6682963808682,0.5795198219922847,True
PeMS04,255,40716,20.308422978681598,20.22923574270557,0.38992311741366836,True
PeMS04,256,40716,18.09669417428038,18.020526328715984,0.42089369931800874,True
PeMS04,257,40704,10.78568752456761,10.593367666568396,1.7831024453577817,True
PeMS04,258,40728,9.043392291543901,8.802275154684738,2.6662244552259633,True
PeMS04,259,40728,17.83715134551169,17.571204085641327,1.4909738372393293,True
PeMS04,260,40728,18.147145391376938,17.787492634060108,1.9818695974504512,True
PeMS04,261,40728,3.179180132525535,2.7702912461942644,12.861457019940865,True
PeMS04,262,40728,19.323053243468866,18.988231376448635,1.7327586008355083,True
PeMS04,263,40728,32.14833775289727,31.991127111569437,0.48901639187756935,True
PeMS04,264,40728,12.661144513602435,12.495733893144765,1.3064428755233193,True
PeMS04,265,40716,20.566182520385105,20.45877849002849,0.5222361041002983,True
PeMS04,266,29892,7.736127663756189,7.528415315970828,2.684965357519823,True
PeMS04,267,40728,18.91294840159104,18.487315237674327,2.2504855133053088,True
PeMS04,268,40728,31.746765124729915,31.671273448241994,0.2377932875722041,True
PeMS04,269,40728,14.55623895109016,14.45683866136319,0.6828706924979834,True
PeMS04,270,40716,25.66732058650162,25.581672438353472,0.33368558225431194,True
PeMS04,271,40716,40.0366010904804,40.08796910305531,-0.12830263103207992,False
PeMS04,272,40728,38.59464312021214,38.008360341779614,1.5190781181896407,True
PeMS04,273,40728,10.243575519298762,10.290829558289138,-0.4613041501119405,False
PeMS04,274,40728,16.223734285994894,16.182500368296996,0.25415799452221854,True
PeMS04,275,40680,9.566544524336283,9.453909322763028,1.1773864772878326,True
PeMS04,276,40704,9.578932660180818,9.107001154677674,4.926765039960478,True
PeMS04,277,40728,18.223539395501867,17.258328115792576,5.2965083168615115,True
PeMS04,278,40704,16.76022780316431,16.695809994103772,0.3843492452314671,True
PeMS04,279,40728,12.310123717098802,12.006093780691415,2.4697553281701667,True
PeMS04,280,40728,9.988779985513652,9.761263749754468,2.2777179604430406,True
PeMS04,281,35421,28.102793893453036,27.52988516699133,2.038618397280324,True
PeMS04,282,40656,14.340590872195985,13.993175976485636,2.4225981956149987,True
PeMS04,283,36084,23.919881387872742,23.335198772309056,2.444337436640122,True
PeMS04,284,40728,15.836135459634649,15.512563531231585,2.043250572261328,True
PeMS04,285,39198,21.317332835858974,20.02561514618093,6.0594714152287406,True
PeMS04,286,40716,17.048248845662638,17.026557434423815,0.12723542127519907,True
PeMS04,287,36387,27.679628026492978,27.12648919943936,1.9983607674358694,True
PeMS04,288,36544,26.239119280866902,25.750400202495623,1.8625590026096805,True
PeMS04,289,40728,12.75159672092909,12.326831356806128,3.331075891270918,True
PeMS04,290,40728,30.664527474955804,30.64098715871145,0.07676725579280383,True
PeMS04,291,40716,21.825635192553296,21.656062727183418,0.7769417195598266,True
PeMS04,292,40716,17.70409206454465,17.55381637439827,0.8488189600376711,True
PeMS04,293,40728,19.320380021115696,19.18039340257317,0.7245541670998779,True
PeMS04,294,40728,24.147037971420154,24.199130512178353,-0.21573056214950503,False
PeMS04,295,40728,3.231035006629346,2.811328930649676,12.98983375662996,True
PeMS04,296,40728,12.711183798615203,12.411920239147515,2.354332721554154,True
PeMS04,297,37593,37.23131633548799,36.482194158486955,2.012075453499314,True
PeMS04,298,40728,34.50621194264388,34.21403272932626,0.8467438089213509,True
PeMS04,299,40728,20.720244671970143,19.172355320663918,7.47042023784677,True
PeMS04,300,40728,16.612422657631114,16.380394016401493,1.3967176613041257,True
PeMS04,301,40728,17.597083087802005,17.291824727460224,1.7347100017580834,True
PeMS04,302,40728,22.37311247790218,20.992690839226086,6.170002676380096,True
PeMS04,303,36596,39.72170114220133,39.64313381243852,0.19779447381053958,True
PeMS04,304,40716,22.067075903821593,21.711028833873662,1.6134764365688787,True
PeMS04,305,40548,13.55552986583802,13.298094233994279,1.8991189159821602,True
PeMS04,306,40716,11.402605855192062,11.188033420522645,1.8817841938447248,True
PeMS08,0,42792,21.26238257150869,21.278109810244906,-0.07396743372160527,False
PeMS08,1,42792,20.906009008693214,20.80665048373528,0.4752629969527889,True
PeMS08,2,42792,19.582968194989718,18.384470228080016,6.12010372981322,True
PeMS08,3,42792,22.241499579360628,22.385042765002805,-0.6453844765727028,False
PeMS08,4,42792,21.94701404468125,21.322821730697328,2.8440876408660802,True
PeMS08,5,42792,18.751399210132735,18.518895179005423,1.2399289702161216,True
PeMS08,6,42792,22.310789691998504,22.31441478547392,-0.016248162998539088,False
PeMS08,7,42792,13.891418080482334,13.926374964946719,-0.2516437433662765,False
PeMS08,8,42792,10.112198979949524,10.0837985195831,0.28085345653043503,True
PeMS08,9,42792,26.291695877734156,25.691484389605534,2.282893773455395,True
PeMS08,10,42792,35.437561343241725,35.053383225836605,1.0840986310656138,True
PeMS08,11,42792,14.059957176575061,13.816567641147879,1.7310830493330902,True
PeMS08,12,42792,10.665736294167134,10.400573559310152,2.4861174844721634,True
PeMS08,13,42792,20.57618830622546,20.22905274350346,1.6870741925363015,True
PeMS08,14,42792,25.542651079641054,25.179367638810994,1.422262081165166,True
PeMS08,15,42792,17.752992673864274,17.415121401196487,1.9031792491256787,True
PeMS08,16,42792,9.670632069078332,9.64986446064685,0.2147492354495249,True
PeMS08,17,42792,11.30695062745373,11.469019472097589,-1.4333559063249897,False
PeMS08,18,42792,21.80920499158721,21.6993217190129,0.5038389644037846,True
PeMS08,19,42792,19.909619496634885,19.343771908300617,2.842081378953061,True
PeMS08,20,42792,19.347718323518414,18.798395436062815,2.839212760234684,True
PeMS08,21,42792,17.23147872265844,16.72726940783324,2.9260942890652366,True
PeMS08,22,42792,21.655115150028042,21.52714584501776,0.5909426208251607,True
PeMS08,23,42792,18.651552860347728,18.371103243596934,1.5036260993958064,True
PeMS08,24,42792,7.831608419798093,7.733133529631707,1.2574031397872816,True
PeMS08,25,42792,15.90705184380258,15.979023532435969,-0.4524514620314663,False
PeMS08,26,42792,23.157644828472613,23.127833473546456,0.12873224003117564,True
PeMS08,27,42792,27.460860090671154,27.059310151430175,1.4622627911694275,True
PeMS08,28,42792,3.4137389874275565,3.250179648065059,4.791208114178306,True
PeMS08,29,42792,17.68066314965414,17.76243661198355,-0.46250223556240444,False
PeMS08,30,42792,14.092000257057395,14.074704383997009,0.122735401255217,True
PeMS08,31,42792,12.974612661245093,12.897434099831743,0.594842893798906,True
PeMS08,32,42792,14.918999170405684,14.4148745676762,3.3790778923662534,True
PeMS08,33,37462,3.155780357428861,3.147401450136138,0.26550983730533756,True
PeMS08,34,42792,10.934045060992709,10.925324096793792,0.07975972433137903,True
PeMS08,35,42792,26.215343989530755,25.81649023181903,1.5214515509352384,True
PeMS08,36,42792,19.18513390353337,19.19863087726678,-0.07035120943786861,False
PeMS08,37,42792,9.282766054402693,9.17471796714339,1.1639643466836738,True
PeMS08,38,42792,15.520780753411852,14.957645412693962,3.6282668357008987,True
PeMS08,39,42792,19.309194767713592,19.081243281454476,1.1805333624800733,True
PeMS08,40,42792,15.129121681622733,15.105278147784633,0.15760025161978072,True
PeMS08,41,42792,21.648747137315386,21.364714783137035,1.3120036571944216,True
PeMS08,42,42792,13.877433281921855,13.5576728710974,2.3041754503767367,True
PeMS08,43,42792,20.741151967657505,20.751069125070106,-0.04781391808934243,False
PeMS08,44,42792,16.62487585296317,16.318412320059824,1.8434034371975412,True
PeMS08,45,42792,20.437203507664986,20.259784247055524,0.8681190679679848,True
PeMS08,46,42792,21.570007244344737,20.99019822630398,2.6880334877623695,True
PeMS08,47,42792,22.956171714339128,22.63407587866891,1.4030903744679146,True
PeMS08,48,42792,0.850434952794915,0.7867086356678819,7.49337934872027,True
PeMS08,49,42792,30.75054624696205,31.006788652084502,-0.8332938318055676,False
PeMS08,50,42792,0.6212508507723407,0.5355043181260516,13.80223987455128,True
PeMS08,51,42792,0.6174304995676761,0.5402224988753739,12.504727373585075,True
PeMS08,52,42792,26.632109973826882,26.491838427743502,0.526700836776484,True
PeMS08,53,42792,18.98779853710974,17.95539031828379,5.437219153174665,True
PeMS08,54,42792,10.040343405309404,9.223033072770612,8.14026273350962,True
PeMS08,55,42792,0.7108240332597214,0.6370172049536128,10.38327699299118,True
PeMS08,56,42792,25.236446064684987,20.28354745045803,19.62597507403339,True
PeMS08,57,42792,15.490615944569079,15.23863981585343,1.6266372468164518,True
PeMS08,58,42792,10.695241663161339,10.569837089876613,1.1725267855954031,True
PeMS08,59,42792,28.633620186016078,17.568913289867265,38.642361057623205,True
PeMS08,60,42792,4.037271496424565,3.4049994011731166,15.660876307461434,True
PeMS08,61,42792,0.8462025429694803,0.7834522406349318,7.415518052492034,True
PeMS08,62,42792,0.7105298686816461,0.5589713486895915,21.330351709670435,True
PeMS08,63,42780,19.231044004207572,18.675442671809257,2.8890856485833742,True
PeMS08,64,42792,11.340162150635633,11.27288906220789,0.5932286287808745,True
PeMS08,65,42792,18.75732175406618,18.45438837866891,1.6150140162286264,True
PeMS08,66,42792,14.70137087539727,14.569409878014582,0.8976101514691018,True
PeMS08,67,42792,13.765690724901852,13.58093948635259,1.3421138266244153,True
PeMS08,68,42792,11.607643513974574,11.742828682931389,-1.164621990622504,False
PeMS08,69,42792,18.08803193353898,17.985800500093475,0.5651882627205277,True
PeMS08,70,42792,0.7136984023006637,0.6340573478979716,11.158922893194493,True
PeMS08,71,42792,18.90261030099084,18.728128213217424,0.9230581649576213,True
PeMS08,72,42792,15.970223698354832,15.692734623294074,1.7375403144124026,True
PeMS08,73,42792,0.7196325393765189,0.6357083665609226,11.662086999054724,True
PeMS08,74,42792,0.6160949604336091,0.5382134164242148,12.641159076286076,True
PeMS08,75,42792,0.6103926405636567,0.5410616780735885,11.358420446558089,True
PeMS08,76,42792,15.25384563703496,15.189679145634699,0.4206577995287342,True
PeMS08,77,42792,15.823733116002991,15.482171024957935,2.15854304759238,True
PeMS08,78,42792,37.12448588521219,35.63201065619742,4.02019096945734,True
PeMS08,79,42792,8.26727615558983,8.278151436016078,-0.13154611291041446,False
PeMS08,80,42792,0.8481113949453168,0.783110106006964,7.664239547511791,True
PeMS08,81,42792,0.7122026130760423,0.6376087290702701,10.47368861560295,True
PeMS08,82,42732,16.619554724796405,16.29749806936254,1.9378175935926623,True
PeMS08,83,42792,0.7066890697297392,0.6393123732969948,9.534135918999214,True
PeMS08,84,42792,0.716401658385329,0.6336472975380912,11.551391580214196,True
PeMS08,85,42792,10.982549308281921,6.721390680501028,38.79935803764214,True
PeMS08,86,42792,16.4710664376519,16.142678538044493,1.9937257909222619,True
PeMS08,87,42792,9.53604499672836,9.433156314264348,1.078945018603747,True
PeMS08,88,42792,20.105992358384746,19.12168162273322,4.895608822018883,True
PeMS08,89,42792,8.973241201626472,7.331504720508506,18.29591386466228,True
PeMS08,90,42792,0.6167864411718312,0.5383036968796737,12.724460048610718,True
PeMS08,91,42792,0.6155658749737101,0.5370568407208123,12.753961427158515,True
PeMS08,92,42288,5.78023648848373,5.726869915815361,0.9232593298681504,True
PeMS08,93,42792,18.17230002103197,17.913599504580297,1.4235980924388278,True
PeMS08,94,42792,18.382479493830623,18.39486644699944,-0.06738456133175663,False
PeMS08,95,42780,13.379902992052362,13.407839527816737,-0.2087947556941911,False
PeMS08,96,42792,14.328183422134979,13.87890113806319,3.135654191708016,True
PeMS08,97,42792,15.111187546737709,14.815194720975883,1.9587661449263518,True
PeMS08,98,42792,12.092509259908393,12.22805007361189,-1.1208659078961345,False
PeMS08,99,42792,10.986633745793606,10.819214163862403,1.5238478482574482,True
PeMS08,100,42792,9.79814641171247,9.817002886053467,-0.19244940367963315,False
PeMS08,101,42792,15.607147656103944,15.252894816788185,2.2698115448226113,True
PeMS08,102,42792,7.8679258097307905,7.662212709151243,2.6145785503611187,True
PeMS08,103,42792,7.767852343896055,7.647345006075902,1.5513597901335914,True
PeMS08,104,42768,18.224865845959595,17.702929176019452,2.863871121750148,True
PeMS08,105,42792,8.358321210740325,8.235346998270705,1.4712788533611234,True
PeMS08,106,42588,23.161524373062836,23.000842373438527,0.6937453556001015,True
PeMS08,107,42684,13.739458872176929,13.651683007684378,0.6388596909759046,True
PeMS08,108,42012,5.115245718485195,5.150975465343235,-0.6984952204528905,False
PeMS08,109,42792,0.7129375909194475,0.5610462016848944,21.305004977878188,True
PeMS08,110,42792,8.950956078238923,8.958562640213124,-0.08498044128150799,False
PeMS08,111,42792,19.900851794727988,19.26961085015891,3.1719292776015924,True
PeMS08,112,42792,8.349016025191625,7.850805203075341,5.967299866391738,True
PeMS08,113,42792,7.098337598149187,6.900131011637689,2.7922958547812393,True
PeMS08,114,42792,5.7436783598569825,5.780601149163395,-0.6428422170097312,False
PeMS08,115,42792,0.6220278195252618,0.5386290807861283,13.407557688140752,True
PeMS08,116,42792,4.066110122803328,3.24793477752851,20.121819640013516,True
PeMS08,117,42792,15.554355954383997,15.629115839409236,-0.4806363262129669,False
PeMS08,118,42792,14.529624404094223,14.57430857403253,-0.3075383691660732,False
PeMS08,119,42792,16.31627699102636,16.108117463544588,1.2757783383810903,True
PeMS08,120,42792,15.351894045616003,15.123907506075902,1.4850710854482905,True
PeMS08,121,42792,0.8488783680360815,0.7856544812698635,7.44793237133482,True
PeMS08,122,42792,0.8416143971127781,0.7815859272761264,7.132538374175143,True
PeMS08,123,42792,0.8463084330891288,0.78225887724341,7.5681103178814055,True
PeMS08,124,42792,0.7360900547999626,0.6775066199581697,7.958732013804111,True
PeMS08,125,42792,0.9198906556716209,0.8433391280788465,8.32180728446289,True
PeMS08,126,42792,13.482898380538419,9.107238940689848,32.45340368480798,True
PeMS08,127,42792,21.593116119835482,20.11485353570761,6.845990064259124,True
PeMS08,128,42780,12.845092625058438,12.802133006077606,0.3344438240719741,True
PeMS08,129,42768,12.200186178918818,12.129783804479985,0.5770598366808892,True
PeMS08,130,42792,13.76237526874182,13.508874322303233,1.841985423943191,True
PeMS08,131,42792,0.6123444875794541,0.539307599113152,11.927418299299275,True
PeMS08,132,42792,14.022567010188821,14.050520541222658,-0.19934674595262322,False
PeMS08,133,42792,18.840850801551692,18.840934053094035,-0.0004418672130013881,False
PeMS08,134,42792,23.731138413722192,23.671569744344737,0.25101479894875406,True
PeMS08,135,42792,19.02565315946906,19.19025606421761,-0.8651629637568012,False
PeMS08,136,42708,25.92991945302988,25.215548023789452,2.755008285060264,True
PeMS08,137,42792,18.96495986399327,18.72156156524584,1.283410566080573,True
PeMS08,138,42720,23.45587107911985,23.19038652855805,1.1318469037721184,True
PeMS08,139,38940,6.752340138674884,6.806113572162301,-0.796367368690789,False
PeMS08,140,42792,12.727221209571882,12.678987894933632,0.3789775776190182,True
PeMS08,141,42792,0.853309504405029,0.7889518630818845,7.5421217027247245,True
PeMS08,142,42792,0.8506883588053842,0.7856683565269209,7.643222292329287,True
PeMS08,143,42792,32.56187780426248,32.253674752290145,0.9465149824129296,True
PeMS08,144,42792,5.384977405239297,4.224853287413535,21.543713752578107,True
PeMS08,145,42792,1.1462321556891475,1.0083820245314545,12.026370964511418,True
PeMS08,146,42792,10.566892614273696,10.293321473639933,2.5889459713466243,True
PeMS08,147,38732,2.8122964780414126,2.7732817825054217,1.3872895635513574,True
PeMS08,148,42792,15.958517363058515,15.543404725182278,2.6011980212971344,True
PeMS08,149,42768,1.0664010438587261,0.8904661670232417,16.498003058855954,True
PeMS08,150,42792,23.63358221162834,23.585972553280985,0.20144918328940278,True
PeMS08,151,42792,20.192544751355392,20.087035836137595,0.5225142076791234,True
PeMS08,152,42792,19.672390575341186,19.524245186016078,0.7530624646645886,True
PeMS08,153,42792,3.6619216938913817,3.2898249088614695,10.16124363474576,True
PeMS08,154,42792,8.738470391661993,5.882530978337073,32.682372146617084,True
PeMS08,155,37479,7.7599872595320045,5.618478431254836,27.596808559790347,True
PeMS08,156,42780,10.337712570126227,10.335493367227677,0.02146705940502477,True
PeMS08,157,42792,18.700387922976258,18.64723400401944,0.2842396594966289,True
PeMS08,158,42792,17.95347845391662,17.90527435034586,0.2684945075935693,True
PeMS08,159,42792,0.7159820231439288,0.635821011739928,11.195953084409576,True
PeMS08,160,42792,24.72864378855861,24.632212212563097,0.3899590160303501,True
PeMS08,161,42792,23.541110195830996,23.46823296410544,0.3095743196447138,True
PeMS08,162,42252,10.726992213386348,9.964413666808671,7.10896895800899,True
PeMS08,163,42744,18.286221457982407,17.849505193711398,2.3882258304400623,True
PeMS08,164,42792,17.015302217704242,16.75837481304917,1.5099784968129621,True
PeMS08,165,42792,21.07126478080015,18.216464233968967,13.548311297537477,True
PeMS08,166,42792,8.26267614273696,8.04427959665358,2.6431696258040547,True
PeMS08,167,42792,17.44676575060759,17.07944387969714,2.105386615267968,True
PeMS08,168,42792,17.95941852449056,17.449739437277994,2.8379487148625384,True
PeMS08,169,39288,4.8860466300142535,4.867210566839748,0.3855072331647186,True
