source,target,improvement_MAE_percent,MAE_ci_low_absolute,MAE_ci_high_absolute,improvement_RMSE_percent,RMSE_ci_low_absolute,RMSE_ci_high_absolute,improvement_MAPE_percent,MAPE_ci_low_absolute,MAPE_ci_high_absolute
PeMS03,PeMS04,1.3195217649000364,0.16880616984831115,0.3170910278995831,0.989795196096374,0.20420368940350347,0.3891003393398792,-1.1031119992711205,-0.2357889394171885,-0.053129180016836045
PeMS03,PeMS07,2.001983558546837,0.34773480505156484,0.4377325670520598,1.4984518391404908,0.4368187736482284,0.5441074206840117,2.2959236602631816,0.17413553341274698,0.20656540513991323
PeMS03,PeMS08,2.873677919300418,0.3046395387203638,0.5182295103919746,2.4036600869048925,0.42710934924877086,0.6993810197866095,-0.5452569344757666,-0.20397476665888328,0.08995052107372403
PeMS04,PeMS03,3.7936022977092585,0.4450704394123761,0.7266769380073586,2.681203809895876,0.5977952934500584,0.8193543159678479,4.630162482881982,0.49832880498198984,1.070812108996025
PeMS04,PeMS07,2.2709848382777187,0.39837284621252805,0.49231629018840956,1.491223979706036,0.4300124532746102,0.5449677604764627,2.8585102425766324,0.2185082714653647,0.2564561648394582
PeMS04,PeMS08,3.697034172340522,0.4316240427974613,0.6245422340838326,2.5039362171428983,0.45530163629042625,0.7160395052337202,2.1299821443628417,0.12872969549597651,0.2763660839572698
PeMS07,PeMS03,5.840370433571465,0.6356305986927483,1.2128887262227954,4.325645126425605,0.8614741683500592,1.457398306129048,8.229664537973877,0.698344027874181,2.1824651244832034
PeMS07,PeMS04,1.2120078658890399,0.14116494159983076,0.29284274564445534,0.8439066103892211,0.13432996691849813,0.3518071096043603,-0.14966115505754507,-0.07118954844351072,0.03447299788823801
PeMS07,PeMS08,3.801233747634097,0.42479729299952856,0.6631901533000246,2.7289746989841315,0.48313875684811586,0.7932820745445633,1.579399790100024,0.05843439218348491,0.2581823572913551
PeMS08,PeMS03,4.385087675452805,0.38667356525485,0.9894705760927589,3.8143555486294587,0.6845919510706346,1.318012057571771,6.717904122362802,0.5433315791240361,1.7733590343920786
PeMS08,PeMS04,0.9381663864977895,0.059127424234907265,0.26556064888040914,0.632336914760586,0.0385752564241403,0.3204835523690539,-1.4204063715769677,-0.27738847198070543,-0.08257873240173129
PeMS08,PeMS07,2.222373548142639,0.3658534353616508,0.5084391817696996,1.4179194956353056,0.3805362719012246,0.5506692211683526,2.3958017500732205,0.16494134157728238,0.23249510509413301
