dataset,origin,horizon,sensor_index,observed,backbone,cmrr,backbone_residual,cmrr_residual,recent_component,daily_component,weekly_component,total_correction
PeMS04,0,1,171,56.0,53.740158,54.414948,2.259842,1.5850525,-0.3667984,0.5114182,0.53016996,0.6747898
PeMS04,1,1,171,55.0,57.303925,57.04955,-2.3039246,-2.049549,-0.3142662,-0.09164088,0.1515318,-0.25437528
PeMS04,2,1,171,76.0,61.215683,61.653805,14.784317,14.346195,-0.34051132,0.6275965,0.15103652,0.43812168
PeMS04,3,1,171,69.0,66.56172,68.83269,2.4382782,0.16731262,-0.25193787,0.020976264,2.501925,2.2709634
PeMS04,4,1,171,42.0,73.0818,72.182945,-31.081802,-30.182945,-0.20129395,-0.030065151,-0.6674984,-0.8988575
PeMS04,5,1,171,43.0,71.56627,70.267975,-28.566269,-27.267975,-0.27539062,-0.008346441,-1.0145581,-1.2982951
PeMS04,6,1,171,97.0,67.92967,70.610855,29.070328,26.389145,-0.34783936,1.8422647,1.1867591,2.6811843
PeMS04,7,1,171,170.0,76.44684,77.99635,93.55316,92.00365,-0.25284576,0.5191083,1.2832551,1.5495176
PeMS04,8,1,171,81.0,98.78364,97.41127,-17.783638,-16.41127,-0.16365814,-2.4704194,1.261711,-1.3723665
PeMS04,9,1,171,97.0,91.3828,93.53399,5.6172028,3.466011,-0.2394638,1.9657149,0.42493924,2.1511903
PeMS04,10,1,171,85.0,97.49422,97.822296,-12.494217,-12.822296,-0.15266418,0.2911842,0.18955621,0.3280762
PeMS04,11,1,171,124.0,100.0719,102.01478,23.9281,21.985222,-0.22949219,0.078881904,2.0934923,1.942882
PeMS04,12,1,171,96.0,105.899536,104.73123,-9.899536,-8.731232,-0.1397934,-1.7651404,0.7366269,-1.1683068
PeMS04,13,1,171,131.0,107.32972,105.727936,23.67028,25.272064,-0.21437836,-1.8894318,0.50202435,-1.6017859
PeMS04,14,1,171,108.0,113.565544,112.518196,-5.565544,-4.518196,-0.121788025,-2.466226,1.5406635,-1.0473506
PeMS04,15,1,171,132.0,116.67161,117.943924,15.328392,14.056076,-0.19445038,-0.83081305,2.2975755,1.272312
PeMS04,16,1,171,137.0,123.08001,123.99859,13.919991,13.001411,-0.100349426,1.3345569,-0.3156308,0.9185767
PeMS04,17,1,171,119.0,129.89182,130.90385,-10.891815,-11.903854,-0.015823364,2.0499406,-1.0220824,1.0120348
PeMS04,18,1,171,130.0,133.10081,135.15408,-3.1008148,-5.1540833,-0.096221924,0.66304296,1.4864444,2.0532653
PeMS04,19,1,171,120.0,129.81958,126.9999,-9.81958,-6.999901,-0.14508057,-1.4829738,-1.1916283,-2.8196826
PeMS04,20,1,171,127.0,121.39397,118.8525,5.6060333,8.147499,-0.20650482,-2.163607,-0.17135176,-2.5414634
PeMS04,21,1,171,114.0,121.56439,123.191154,-7.564392,-9.1911545,-0.114151,1.9335278,-0.19261745,1.6267594
PeMS04,22,1,171,119.0,126.950294,125.799255,-7.9502945,-6.7992554,-0.18990326,0.3397873,-1.3009247,-1.1510406
PeMS04,23,1,171,132.0,131.65298,126.981346,0.34701538,5.018654,-0.2568512,-2.4639118,-1.9508786,-4.6716413
PeMS04,24,1,171,130.0,139.22795,141.34511,-9.227951,-11.345108,-0.23551941,2.46538,-0.11269641,2.1171641
PeMS04,25,1,171,121.0,144.6949,145.45947,-23.6949,-24.459473,-0.29885864,1.7742351,-0.71080697,0.7645695
PeMS04,26,1,171,151.0,144.85025,143.13802,6.1497498,7.8619843,-0.36898804,-1.356262,0.013021946,-1.7122281
PeMS04,27,1,171,146.0,151.09299,152.11252,-5.092987,-6.1125183,-0.27897644,0.8129896,0.48552322,1.0195364
PeMS04,28,1,171,175.0,154.31726,155.94391,20.68274,19.056091,-0.34786987,0.93811125,1.0364093,1.6266506
PeMS04,29,1,171,137.0,158.68498,162.56094,-21.684982,-25.560944,-0.25550842,2.476246,1.6552277,3.8759654
PeMS04,30,1,171,145.0,155.00984,151.62932,-10.009842,-6.629318,-0.32165527,-1.1702498,-1.8886123,-3.3805175
PeMS04,31,1,171,140.0,153.71985,153.71964,-13.719849,-13.719635,-0.3890686,-0.5270684,0.9159215,-0.00021547079
PeMS04,32,1,171,147.0,147.70288,147.39496,-0.70288086,-0.3949585,-0.45329285,2.3835423,-2.2381718,-0.30792236
PeMS04,33,1,171,119.0,140.73318,138.30443,-21.733185,-19.304428,-0.45677185,-2.4529128,0.4809296,-2.428755
PeMS04,34,1,171,119.0,139.37968,141.18776,-20.379684,-22.18776,-0.5280762,0.9980996,1.3380527,1.8080761
PeMS04,35,1,171,135.0,144.5622,145.19981,-9.562195,-10.199814,-0.5836487,0.6288319,0.59242904,0.6376123
PeMS04,36,1,171,162.0,148.41019,146.14027,13.589813,15.859726,-0.6417999,-1.9537295,0.32560927,-2.2699203
PeMS04,37,1,171,151.0,156.02454,152.86041,-5.024536,-1.8604126,-0.546051,-2.4615932,-0.15647432,-3.1641185
PeMS04,38,1,171,162.0,163.82507,163.60074,-1.8250732,-1.6007385,-0.6127167,1.2262061,-0.8378204,-0.22433102
PeMS04,39,1,171,163.0,166.71667,163.79926,-3.7166748,-0.7992554,-0.6252136,-2.4603746,0.16817452,-2.9174137
PeMS04,40,1,171,137.0,173.54373,171.92857,-36.54373,-34.928574,-0.6736145,1.2989178,-2.2404673,-1.615164
PeMS04,41,1,171,186.0,172.20782,176.81032,13.792175,9.189682,-0.7463074,2.458338,2.8904655,4.602496
PeMS04,42,1,171,188.0,184.9461,179.16609,3.053894,8.833908,-0.6475525,-1.8847761,-3.2476845,-5.780013
PeMS04,43,1,171,164.0,188.05765,185.22372,-24.057648,-21.223724,-0.59677124,-1.7375458,-0.4996106,-2.8339279
PeMS04,44,1,171,204.0,180.44255,184.28612,23.55745,19.713882,-0.6704254,2.1099145,2.4040823,3.8435714
PeMS04,45,1,171,197.0,180.49785,177.57646,16.502151,19.423538,-0.57037354,1.2591113,-3.6101217,-2.9213839
PeMS04,46,1,171,209.0,185.82736,184.38097,23.172638,24.619034,-0.47546387,2.467106,-3.4380314,-1.4463892
PeMS04,47,1,171,197.0,198.23923,197.54729,-1.2392273,-0.547287,-0.3818817,-0.25678495,-0.053275377,-0.691942
PeMS04,48,1,171,211.0,210.30377,206.4412,0.696228,4.5588074,-0.39445496,-1.0854081,-2.3827195,-3.8625827
PeMS04,49,1,171,203.0,215.32123,219.10867,-12.321228,-16.108673,-0.37875366,2.4584632,1.707739,3.7874484
PeMS04,50,1,171,211.0,219.38846,217.23888,-8.388458,-6.2388763,-0.4462433,-2.451203,0.74786663,-2.1495798
PeMS04,51,1,171,205.0,225.8042,224.97304,-20.8042,-19.973038,-0.5142975,0.33552223,-0.6523813,-0.83115655
PeMS04,52,1,171,255.0,229.3747,226.257,25.625305,28.742996,-0.5879059,0.65260524,-3.1823838,-3.1176844
PeMS04,53,1,171,239.0,242.99481,244.84702,-3.994812,-5.8470154,-0.487854,1.8325293,0.50752294,1.8521982
PeMS04,54,1,171,253.0,249.76419,248.60358,3.2358093,4.3964233,-0.5390625,-2.4573305,1.8357755,-1.1606175
PeMS04,55,1,171,277.0,251.21075,251.49715,25.789246,25.502853,-0.4775238,0.2783876,0.48553124,0.28639504
PeMS04,56,1,171,264.0,250.92003,250.84818,13.079971,13.151825,-0.37442017,-0.35740554,0.65996677,-0.07185894
PeMS04,57,1,171,221.0,244.80873,248.5427,-23.808731,-27.542694,-0.27438354,2.4410713,1.5672822,3.73397
PeMS04,58,1,171,218.0,244.34967,242.02884,-26.34967,-24.02884,-0.35438538,0.22721386,-2.1936553,-2.3208268
PeMS04,59,1,171,246.0,246.82129,244.78851,-0.82128906,1.2114868,-0.42720032,-0.5496003,-1.0559692,-2.03277
PeMS04,60,1,171,291.0,254.75076,251.26648,36.249237,39.73352,-0.43437195,-0.20162952,-2.8482795,-3.484281
PeMS04,61,1,171,265.0,266.16055,264.65732,-1.160553,0.34268188,-0.3439331,0.17117588,-1.3304752,-1.5032325
PeMS04,62,1,171,270.0,272.5841,265.69272,-2.5841064,4.3072815,-0.3539734,-2.417032,-4.1203966,-6.8914022
PeMS04,63,1,171,302.0,276.33102,274.1504,25.668976,27.84961,-0.39163208,-2.4592228,0.6702361,-2.1806188
PeMS04,64,1,171,355.0,289.5171,292.9936,65.48291,62.00641,-0.2930298,0.43269515,3.3368423,3.4765077
PeMS04,65,1,171,251.0,310.1608,311.7051,-59.160797,-60.70511,-0.2111206,0.022487821,1.7329292,1.5442965
PeMS04,66,1,171,275.0,298.64798,295.58603,-23.64798,-20.58603,-0.28033447,0.8548209,-3.6364317,-3.0619452
PeMS04,67,1,171,311.0,290.61148,295.93964,20.38852,15.060364,-0.35205078,2.4292147,3.2509825,5.3281465
PeMS04,68,1,171,310.0,283.56418,280.94305,26.435822,29.056946,-0.2713318,-1.1740091,-1.1757952,-2.6211362
PeMS04,69,1,171,300.0,281.37878,280.79385,18.621216,19.206146,-0.18423462,-0.2881617,-0.112544954,-0.58494127
PeMS04,70,1,171,304.0,281.23865,284.6422,22.761353,19.357788,-0.09542847,2.426861,1.072137,3.4035697
PeMS04,71,1,171,305.0,288.51352,292.89227,16.48648,12.107727,-0.0037841797,1.7799622,2.6025832,4.3787613
PeMS04,72,1,171,309.0,295.2641,297.8996,13.735901,11.100403,0.07293701,0.14833023,2.4142165,2.6354837
PeMS04,73,1,171,308.0,300.29446,297.8872,7.705536,10.112793,0.1496582,1.6781111,-4.235037,-2.4072676
PeMS04,74,1,171,346.0,302.24487,301.8289,43.755127,44.171112,0.22106934,0.7270868,-1.3641526,-0.41599643
PeMS04,75,1,171,336.0,309.5895,309.40524,26.410492,26.594757,0.30529785,-1.9295084,1.4399545,-0.18425608
PeMS04,76,1,171,324.0,315.7611,321.66327,8.238892,2.336731,0.39117432,2.4382412,3.0727572,5.902173
PeMS04,77,1,171,324.0,313.5771,313.41342,10.422913,10.586578,0.45913696,-0.0036040996,-0.619211,-0.16367817
PeMS04,78,1,171,224.0,315.54233,311.32025,-91.54233,-87.32025,0.5322571,-2.4649832,-2.2893639,-4.22209
PeMS04,79,1,171,286.0,300.1839,297.9771,-14.183899,-11.977112,0.44888306,0.39680722,-3.0524678,-2.2067776
PeMS04,80,1,171,311.0,297.63702,294.96002,13.362976,16.039978,0.366333,-0.6922974,-2.3510332,-2.6769977
PeMS04,81,1,171,324.0,297.40366,295.7506,26.596344,28.24939,0.44006348,-2.1155355,0.022414684,-1.6530573
PeMS04,82,1,171,220.0,298.7611,294.35907,-78.76111,-74.35907,0.5291443,-1.7515222,-3.1796477,-4.4020257
PeMS04,83,1,171,278.0,288.10556,285.86523,-10.10556,-7.8652344,0.4477234,1.1435153,-3.831557,-2.2403183
PeMS04,84,1,171,310.0,288.92157,286.34824,21.07843,23.651764,0.36157227,-2.3574443,-0.57745326,-2.5733252
PeMS04,85,1,171,304.0,293.88806,295.16183,10.111938,8.838165,0.44302368,1.0207324,-0.1899699,1.2737862
PeMS04,86,1,171,271.0,295.06213,296.96356,-24.062134,-25.963562,0.522583,0.3243176,1.0545292,1.9014298
PeMS04,87,1,171,263.0,292.1542,292.3768,-29.154205,-29.3768,0.42803955,1.3460362,-1.5514802,0.22259557
PeMS04,88,1,171,308.0,281.77216,284.11615,26.227844,23.88385,0.33322144,-1.0688787,3.0796523,2.343995
PeMS04,89,1,171,303.0,285.363,281.88782,17.636993,21.112183,0.40963745,-1.4953121,-2.3895135,-3.4751883
PeMS04,90,1,171,246.0,284.49127,283.92487,-38.491272,-37.924866,0.4915161,0.78994274,-1.8478506,-0.5663917
PeMS04,91,1,171,290.0,276.42395,282.74478,13.57605,7.2552185,0.41030884,2.448478,3.4620473,6.320834
PeMS04,92,1,171,285.0,275.609,279.82666,9.390991,5.17334,0.49472046,1.3115917,2.4113448,4.217657
PeMS04,93,1,171,324.0,272.99185,270.1848,51.00815,53.815186,0.5666504,-2.2800412,-1.0936443,-2.807035
PeMS04,94,1,171,238.0,280.04922,280.10077,-42.049225,-42.10077,0.6357727,-1.0531414,0.4689123,0.051543653
PeMS04,95,1,171,317.0,278.6907,278.7135,38.309296,38.2865,0.5386658,2.442853,-2.9587207,0.022798061
PeMS04,96,1,171,300.0,283.71948,286.24365,16.280518,13.756348,0.612854,-0.89581364,2.8071198,2.5241601
PeMS04,97,1,171,290.0,284.43097,286.82864,5.569031,3.1713562,0.6889343,-0.34315947,2.051894,2.3976688
PeMS04,98,1,171,290.0,286.7659,283.14148,3.2341003,6.8585205,0.7687378,-0.4325806,-3.960577,-3.6244197
PeMS04,99,1,171,225.0,287.63873,285.66232,-62.638733,-60.662323,0.7972717,-0.13456729,-2.639114,-1.9764094
PeMS04,100,1,171,283.0,278.02573,277.9963,4.9742737,5.0036926,0.69592285,-2.4491274,1.7237883,-0.029416323
PeMS04,101,1,171,237.0,276.07196,277.5715,-39.07196,-40.571503,0.77038574,0.8649701,-0.13580954,1.4995463
PeMS04,102,1,171,282.0,268.9461,272.81516,13.053894,9.184845,0.67422485,0.82551956,2.3693178,3.8690622
PeMS04,103,1,171,301.0,272.58344,275.12357,28.416565,25.876434,0.7458191,1.2576944,0.536626,2.5401392
PeMS04,104,1,171,283.0,273.4896,277.17654,9.5104065,5.823456,0.8095703,1.1840409,1.6933382,3.6869493
PeMS04,105,1,171,305.0,272.93515,274.42496,32.06485,30.575043,0.8735657,-0.05891721,0.675165,1.4898134
PeMS04,106,1,171,268.0,274.42444,275.17035,-6.4244385,-7.170349,0.9529724,-0.16259359,-0.044478834,0.7459
PeMS04,107,1,171,263.0,273.94812,275.95203,-10.94812,-12.952026,0.8512268,0.49722922,0.6554512,2.0039072
PeMS04,108,1,171,270.0,271.77274,275.94476,-1.7727356,-5.944763,0.7494812,1.4396893,1.9828568,4.172027
PeMS04,109,1,171,301.0,268.9008,270.3369,32.099213,30.663086,0.6989136,0.5949918,0.14220655,1.4361119
PeMS04,110,1,171,283.0,272.08594,268.19177,10.9140625,14.808228,0.7670593,-1.4124482,-3.248768,-3.894157
PeMS04,111,1,171,239.0,272.0524,271.3413,-33.0524,-32.34131,0.8352661,-0.72852063,-0.81784266,-0.7110972
PeMS04,112,1,171,275.0,265.97018,266.35794,9.029816,8.642059,0.74902344,2.03759,-2.398848,0.3877654
PeMS04,113,1,171,272.0,264.7417,261.2459,7.258301,10.754089,0.81100464,-1.3513161,-2.9554915,-3.4958029
PeMS04,114,1,171,242.0,266.1642,268.68906,-24.164215,-26.689056,0.8829651,-0.61506927,2.2569351,2.5248308
PeMS04,115,1,171,189.0,260.9858,259.01505,-71.98581,-70.015045,0.7918701,-1.3031515,-1.4594885,-1.9707699
PeMS04,116,1,171,326.0,245.027,244.49486,80.97301,81.50514,0.69844055,-1.4518634,0.22128478,-0.5321381
PeMS04,117,1,171,290.0,264.06882,268.1708,25.931183,21.829193,0.7785034,0.252553,3.0709295,4.101986
PeMS04,118,1,171,152.0,271.3429,270.85373,-119.342896,-118.85373,0.8598633,1.8807406,-3.2297819,-0.48917794
PeMS04,119,1,171,265.0,254.92046,255.24623,10.079544,9.753769,0.7670593,0.8621692,-1.303457,0.32577157
PeMS04,120,1,171,316.0,265.1053,264.3142,50.894714,51.68579,0.82769775,-0.20191534,-1.4168506,-0.79106814
PeMS04,121,1,171,277.0,276.65802,276.36914,0.34197998,0.6308594,0.89367676,-0.16519268,-1.017369,-0.28888494
PeMS04,122,1,171,220.0,273.6591,270.16257,-53.65909,-50.162567,0.88131714,-0.95282626,-3.4250102,-3.4965193
PeMS04,123,1,171,235.0,260.87628,264.67844,-25.876282,-29.678436,0.78549194,2.1318111,0.8848444,3.8021474
PeMS04,124,1,171,263.0,253.05878,259.29407,9.941223,3.7059326,0.69255066,2.4323962,3.1103382,6.235285
PeMS04,125,1,171,255.0,253.3733,256.63684,1.6266937,-1.6368408,0.7519531,-0.6261973,3.1377888,3.2635446
PeMS04,126,1,171,266.0,252.59753,249.32045,13.402466,16.67955,0.7559204,-1.0861331,-2.9468746,-3.2770872
PeMS04,127,1,171,200.0,253.21304,255.08107,-53.213043,-55.08107,0.8310394,0.4617549,0.5752389,1.8680332
PeMS04,128,1,171,246.0,241.84727,246.61649,4.152725,-0.6164856,0.73631287,0.52443963,3.5084627,4.769215
PeMS04,129,1,171,237.0,239.90439,241.1521,-2.9043884,-4.1520996,0.7866821,-0.49739635,0.9584211,1.2477069
PeMS04,130,1,171,222.0,235.07103,233.27554,-13.07103,-11.275543,0.7278595,-0.16739565,-2.3559475,-1.7954836
PeMS04,131,1,171,199.0,239.11734,241.44695,-40.11734,-42.446945,0.6360016,-0.9011091,2.5947099,2.3296022
PeMS04,132,1,171,241.0,233.79915,233.59035,7.2008514,7.4096527,0.5439911,1.5617247,-2.314511,-0.20879531
PeMS04,133,1,171,253.0,234.48203,238.76158,18.517975,14.238419,0.61161804,-0.028519744,3.6964514,4.2795496
PeMS04,134,1,171,263.0,237.28372,233.46527,25.716278,29.534729,0.68774414,-0.18631814,-4.319875,-3.8184488
PeMS04,135,1,171,260.0,242.31354,237.63199,17.686462,22.368011,0.75105286,-0.5173487,-4.9152584,-4.6815543
PeMS04,136,1,171,256.0,248.82623,246.22452,7.173767,9.775482,0.8039856,-0.26057875,-3.1451218,-2.601715
PeMS04,137,1,171,256.0,249.83997,249.06778,6.160034,6.9322205,0.8718262,0.9814646,-2.6254802,-0.7721894
PeMS04,138,1,171,236.0,246.26666,245.66794,-10.266663,-9.667938,0.9146576,-0.14595053,-1.3674381,-0.59873104
PeMS04,139,1,171,211.0,239.65524,242.76219,-28.655243,-31.762192,0.82637024,0.36118868,1.919393,3.1069517
PeMS04,140,1,171,216.0,234.14134,235.38881,-18.141342,-19.38881,0.7242584,0.2800719,0.24314335,1.2474737
PeMS04,141,1,171,241.0,229.8063,228.46967,11.193695,12.530334,0.6315918,-0.86988646,-1.0983379,-1.3366325
PeMS04,142,1,171,203.0,232.92822,236.54974,-29.928223,-33.549744,0.6844635,1.0320091,1.9050415,3.621514
PeMS04,143,1,171,190.0,229.84227,232.08395,-39.84227,-42.083954,0.59783936,0.9740941,0.6697433,2.2416768
PeMS04,144,1,171,235.0,227.1977,227.60718,7.802307,7.3928223,0.49667358,-1.0168259,0.92964256,0.40949023
PeMS04,145,1,171,267.0,226.65913,232.55133,40.340866,34.44867,0.5742035,1.1798377,4.1381507,5.892192
PeMS04,146,1,171,273.0,234.1796,232.66547,38.820404,40.334534,0.6455536,-1.336062,-0.8236161,-1.5141244
PeMS04,147,1,171,272.0,242.23595,242.21643,29.764053,29.78357,0.71217346,-1.5088719,0.77718735,-0.019511104
PeMS04,148,1,171,287.0,242.57587,245.00447,44.424133,41.99553,0.79541016,-0.98117524,2.6143668,2.4286017
PeMS04,149,1,171,244.0,249.14636,251.27457,-5.1463623,-7.2745667,0.8774872,-0.6119409,1.8626597,2.128206
PeMS04,150,1,171,249.0,245.21155,246.00052,3.7884521,2.9994812,0.7947235,-0.0009915135,-0.004768461,0.78896356
PeMS04,151,1,171,194.0,244.77046,242.91785,-50.770462,-48.917847,0.85943604,1.5170567,-4.229114,-1.8526213
PeMS04,152,1,171,365.0,237.4801,242.94992,127.5199,122.05008,0.7575226,0.15698963,4.555311,5.4698234
PeMS04,153,1,171,294.0,264.76108,261.941,29.238922,32.05899,0.8423767,-0.9561485,-2.7062945,-2.8200665
PeMS04,154,1,171,245.0,266.10077,263.69702,-21.100769,-18.697021,0.9255371,0.161591,-3.4908845,-2.4037564
PeMS04,155,1,171,287.0,259.34467,260.41833,27.655334,26.581665,0.842865,-2.430329,2.6611195,1.0736554
PeMS04,156,1,171,307.0,267.8554,274.16016,39.144592,32.839844,0.8963318,0.5247769,4.8836484,6.304757
PeMS04,157,1,171,267.0,274.3934,273.97345,-7.393402,-6.9734497,0.96310425,-1.6568292,0.2737759,-0.41994908
PeMS04,158,1,171,246.0,273.4346,275.25726,-27.4346,-29.257263,0.8565979,1.327027,-0.36096275,1.822662
PeMS04,159,1,171,277.0,262.98645,259.7383,14.01355,17.261688,0.76394653,-0.99776435,-3.0143192,-3.248137
PeMS04,160,1,171,248.0,262.1113,261.03577,-14.111298,-13.035767,0.8234558,0.34848985,-2.2474623,-1.0755166
PeMS04,161,1,171,298.0,253.84097,257.85376,44.159027,40.14624,0.7436981,-0.09660917,3.3656898,4.0127788
PeMS04,162,1,171,255.0,261.03333,263.84598,-6.033325,-8.845978,0.8020935,-0.947507,2.9580693,2.812656
PeMS04,163,1,171,299.0,256.6682,255.47412,42.331787,43.52588,0.72180176,-0.52488506,-1.391006,-1.1940893
PeMS04,164,1,171,313.0,264.62433,263.73093,48.37567,49.269073,0.789917,-1.6559294,-0.027375728,-0.89338815
PeMS04,165,1,171,270.0,269.56793,272.95566,0.43206787,-2.955658,0.852417,1.501928,1.0333768,3.3877215
PeMS04,166,1,171,308.0,267.5195,266.7959,40.4805,41.2041,0.8392639,-0.34364176,-1.2192305,-0.7236084
PeMS04,167,1,171,211.0,273.39963,278.01498,-62.399628,-67.014984,0.8949585,0.14740947,3.5729783,4.615346
PeMS04,168,1,171,303.0,261.57297,261.6929,41.427032,41.3071,0.7969971,0.6169652,-1.2940168,0.11994541
PeMS04,169,1,171,228.0,266.40002,270.31888,-38.400024,-42.31888,0.86032104,0.7681543,2.2903817,3.918857
PeMS04,170,1,171,247.0,254.36838,250.54428,-7.3683777,-3.544281,0.7817993,-1.4423527,-3.1635504,-3.8241038
PeMS04,171,1,171,239.0,247.34314,247.38853,-8.34314,-8.388535,0.691864,-0.76880664,0.12234455,0.04540193
PeMS04,172,1,171,283.0,240.94612,237.46442,42.05388,45.535583,0.6164398,-0.29606625,-3.802083,-3.4817095
PeMS04,173,1,171,261.0,245.15233,243.4219,15.8476715,17.578094,0.69644165,-0.9875199,-1.4393433,-1.7304215
PeMS04,174,1,171,206.0,242.7604,241.41074,-36.760406,-35.410736,0.7677765,1.1207612,-3.238215,-1.3496773
PeMS04,175,1,171,201.0,232.30176,231.62154,-31.301758,-30.621536,0.6908264,0.73461103,-2.1056595,-0.68022203
PeMS04,176,1,171,253.0,220.07301,220.10423,32.926987,32.895767,0.6101837,-1.3841891,0.80522394,0.031218529
PeMS04,177,1,171,239.0,217.57745,222.7763,21.422546,16.223694,0.69355774,2.1691859,2.3361092,5.1988525
PeMS04,178,1,171,206.0,218.81346,220.59863,-12.813461,-14.598633,0.769104,0.5971289,0.41894197,1.7851748
PeMS04,179,1,171,195.0,214.88686,217.52809,-19.886856,-22.528091,0.6759186,0.06544547,1.8998704,2.6412344
PeMS04,180,1,171,216.0,207.84012,211.21144,8.159882,4.788559,0.5880127,1.9659168,0.8173959,3.3713253
PeMS04,181,1,171,172.0,204.34467,203.1686,-32.344666,-31.168594,0.6592102,-0.7412706,-1.0940053,-1.1760657
PeMS04,182,1,171,162.0,196.52821,197.19061,-34.528214,-35.190613,0.5615082,1.2981896,-1.1973016,0.6623962
PeMS04,183,1,171,191.0,185.35838,185.84566,5.641617,5.1543427,0.4648285,-0.5899992,0.61244553,0.48727483
PeMS04,184,1,171,203.0,186.09726,185.9201,16.90274,17.079895,0.5383911,-2.1166458,1.4011072,-0.17714751
PeMS04,185,1,171,205.0,187.01553,186.07547,17.984467,18.92453,0.6075287,-0.17512426,-1.3724712,-0.9400668
PeMS04,186,1,171,187.0,187.73987,188.63226,-0.73986816,-1.6322632,0.6693573,-1.1860155,1.4090533,0.89239514
PeMS04,187,1,171,174.0,184.20874,184.35016,-10.20874,-10.350159,0.6437378,0.2514641,-0.7537831,0.14141881
PeMS04,188,1,171,180.0,179.63086,183.089,0.36914062,-3.0890045,0.5504608,0.9339057,1.9737841,3.4581506
PeMS04,189,1,171,187.0,176.61478,172.71118,10.385223,14.288818,0.5501709,-2.500957,-1.9528036,-3.9035897
PeMS04,190,1,171,140.0,178.52628,176.62436,-38.526276,-36.62436,0.6179352,0.17444807,-2.6943042,-1.901921
PeMS04,191,1,171,130.0,173.60886,170.60683,-43.608856,-40.606827,0.530777,-2.000352,-1.5324531,-3.002028
PeMS04,192,1,171,165.0,164.25386,165.1095,0.7461395,-0.10949707,0.44055176,0.83660084,-0.4215232,0.8556293
PeMS04,193,1,171,177.0,161.06827,166.53557,15.931732,10.464432,0.4388733,1.4994175,3.5290167,5.4673076
PeMS04,194,1,171,175.0,164.43492,164.30339,10.565079,10.6966095,0.52671814,-1.5061125,0.8478704,-0.1315239
PeMS04,195,1,171,140.0,167.55354,164.08899,-27.553543,-24.08899,0.59658813,-0.354153,-3.706985,-3.4645498
PeMS04,196,1,171,164.0,162.18347,163.92654,1.8165283,0.07345581,0.5055542,0.65312505,0.584393,1.7430723
PeMS04,197,1,171,141.0,162.29329,166.74304,-21.29329,-25.743042,0.5309601,1.5511243,2.367661,4.449745
PeMS04,198,1,171,165.0,156.66357,154.89322,8.336426,10.106781,0.44474792,-0.93848145,-1.2766259,-1.7703594
PeMS04,199,1,171,178.0,157.37009,156.36378,20.629913,21.636215,0.52220154,0.1699271,-1.6984265,-1.0062978
PeMS04,200,1,171,184.0,160.49786,160.2824,23.502136,23.717606,0.599823,-0.15937254,-0.6559243,-0.21547386
PeMS04,201,1,171,176.0,160.96263,162.06627,15.037369,13.933731,0.66981506,0.4494774,-0.015649319,1.1036432
PeMS04,202,1,171,169.0,163.35057,163.81882,5.6494293,5.181183,0.74017334,-0.574753,0.30282956,0.46824992
PeMS04,203,1,171,186.0,167.55359,166.63852,18.446411,19.36148,0.80506897,0.1658763,-1.8860112,-0.915066
PeMS04,204,1,171,184.0,174.13312,174.81984,9.866882,9.1801605,0.87194824,-0.33827513,0.15304199,0.6867151
PeMS04,205,1,171,153.0,174.9918,175.22289,-21.991806,-22.222885,0.9389801,-0.7046732,-0.003230989,0.23107594
PeMS04,206,1,171,156.0,170.04831,170.50204,-14.048309,-14.502045,0.8481598,-2.454787,2.0603635,0.4537363
PeMS04,207,1,171,161.0,165.01877,167.91272,-4.0187683,-6.9127197,0.7570801,0.81267303,1.324192,2.8939452
PeMS04,208,1,171,182.0,164.49236,168.00166,17.507645,13.998337,0.68299866,1.434636,1.3916659,3.5093007
PeMS04,209,1,171,163.0,167.30783,169.35277,-4.307831,-6.352768,0.7531738,0.5249996,0.76675963,2.044933
PeMS04,210,1,171,120.0,167.3475,168.9457,-47.347504,-48.945694,0.66726685,0.4180537,0.5128635,1.598184
PeMS04,211,1,171,177.0,159.541,161.9297,17.459,15.070297,0.5763855,-0.3015977,2.1139202,2.388708
PeMS04,212,1,171,148.0,158.2687,160.90126,-10.268707,-12.90126,0.64572144,0.74094427,1.2458884,2.632554
PeMS04,213,1,171,151.0,152.25757,152.30898,-1.2575684,-1.3089752,0.5487366,-1.1095341,0.61219835,0.05140078
PeMS04,214,1,171,131.0,154.0669,152.18153,-23.066895,-21.181534,0.5214844,-0.9393005,-1.4675488,-1.885365
PeMS04,215,1,171,154.0,152.65749,155.03297,1.342514,-1.0329742,0.4320984,0.37155315,1.5718322,2.3754838
PeMS04,216,1,171,145.0,150.31203,147.94081,-5.312027,-2.9408112,0.4415741,0.19595425,-3.00875,-2.3712215
PeMS04,217,1,171,172.0,147.48798,143.95734,24.512024,28.042664,0.3521881,-0.06992987,-3.8129013,-3.530643
PeMS04,218,1,171,149.0,150.05164,145.58174,-1.0516357,3.4182587,0.4259491,-0.83752346,-4.058326,-4.4699
PeMS04,219,1,171,187.0,147.93132,149.74722,39.06868,37.252777,0.39071655,0.79604506,0.62914443,1.815906
PeMS04,220,1,171,142.0,151.8132,156.01093,-9.813202,-14.010925,0.4607544,1.4049448,2.3320165,4.1977158
PeMS04,221,1,171,133.0,144.19902,144.59398,-11.19902,-11.593979,0.36938477,0.076956406,-0.05138424,0.39495692
PeMS04,222,1,171,142.0,137.05902,135.0184,4.940979,6.981598,0.28295898,-2.0967097,-0.22687167,-2.0406225
PeMS04,223,1,171,154.0,132.10474,131.07529,21.895264,22.924713,0.36193848,0.54405797,-1.9354388,-1.0294423
PeMS04,224,1,171,122.0,126.945595,127.94336,-4.945595,-5.9433594,0.43266296,-0.4453361,1.0104406,0.99776745
PeMS04,225,1,171,136.0,121.00245,123.175255,14.997551,12.824745,0.3566208,-0.193454,2.0096421,2.172809
PeMS04,226,1,171,121.0,118.659256,118.78561,2.340744,2.2143936,0.4247589,0.44465235,-0.7430595,0.12635171
PeMS04,227,1,171,114.0,116.952194,117.14587,-2.9521942,-3.1458664,0.4532013,-0.06410934,-0.19541633,0.19367564
PeMS04,228,1,171,104.0,111.206764,110.3567,-7.206764,-6.356697,0.40245056,0.6251001,-1.8776147,-0.85006404
PeMS04,229,1,171,94.0,107.63396,104.977295,-13.633957,-10.977295,0.3153,-1.2680174,-1.7039458,-2.6566632
PeMS04,230,1,171,85.0,101.76534,104.03645,-16.765343,-19.036453,0.23973846,0.5253628,1.5060128,2.271114
PeMS04,231,1,171,77.0,95.20688,96.08145,-18.206879,-19.081451,0.1616745,-1.138533,1.8514303,0.8745718
PeMS04,232,1,171,100.0,87.68103,87.33757,12.31897,12.66243,0.08867645,0.04848364,-0.4806239,-0.3434638
PeMS04,233,1,171,91.0,88.736084,87.6388,2.263916,3.3611984,0.16941833,-0.101522855,-1.165181,-1.0972855
PeMS04,234,1,171,76.0,87.87998,88.54038,-11.879982,-12.540382,0.20217896,-0.021702219,0.47992706,0.6604038
PeMS04,235,1,171,94.0,81.5517,81.55187,12.448303,12.448128,0.12158203,0.8632261,-0.9846318,0.00017637014
PeMS04,236,1,171,91.0,80.27839,80.881996,10.721611,10.118004,0.19948578,0.54925483,-0.14513624,0.6036044
PeMS04,237,1,171,73.0,79.48098,80.604294,-6.48098,-7.604294,0.27360535,0.6033907,0.24631694,1.123313
PeMS04,238,1,171,71.0,75.75914,74.53903,-4.75914,-3.539032,0.18720245,-0.7026165,-0.7046959,-1.2201099
PeMS04,239,1,171,80.0,72.98453,74.75613,7.0154724,5.2438736,0.106407166,0.59908974,1.0661047,1.7716016
PeMS04,240,1,171,71.0,71.489914,69.97278,-0.48991394,1.0272217,0.18812561,-0.54585254,-1.1594105,-1.5171374
PeMS04,241,1,171,69.0,66.8884,67.14445,2.1116028,1.8555527,0.17648315,0.26887187,-0.18930632,0.2560487
PeMS04,242,1,171,47.0,64.54089,64.65367,-17.540894,-17.653671,0.21285248,-1.0736738,0.97359806,0.1127767
PeMS04,243,1,171,65.0,59.0515,59.047615,5.9485016,5.952385,0.13384628,-0.06640842,-0.07132271,-0.0038848445
PeMS04,244,1,171,59.0,59.28528,60.700077,-0.28527832,-1.700077,0.2147255,0.08992159,1.1101527,1.4147998
PeMS04,245,1,171,54.0,57.151794,57.47016,-3.1517944,-3.4701614,0.20989609,0.11475248,-0.0062809587,0.3183676
PeMS04,246,1,171,48.0,53.92694,54.198605,-5.926941,-6.1986046,0.16526031,0.24025719,-0.13385493,0.2716626
PeMS04,247,1,171,61.0,51.872894,53.119553,9.127106,7.8804474,0.089725494,-0.07206139,1.2289951,1.2466592
PeMS04,248,1,171,50.0,51.20549,52.07757,-1.2054901,-2.0775719,0.17111588,0.11571209,0.5852554,0.87208337
PeMS04,249,1,171,40.0,48.630142,48.37563,-8.630142,-8.375629,0.14572144,-0.06054915,-0.33968413,-0.25451183
PeMS04,250,1,171,60.0,45.636124,46.338108,14.363876,13.661892,0.06462097,0.23611559,0.40124804,0.7019846
PeMS04,251,1,171,47.0,47.140884,47.272575,-0.1408844,-0.27257538,0.14156723,0.74150276,-0.75137806,0.13169193
PeMS04,252,1,171,33.0,46.364563,46.49126,-13.364563,-13.491261,0.13591766,0.78417885,-0.7934,0.12669653
PeMS04,253,1,171,52.0,43.32823,42.600216,8.671768,9.399784,0.054237366,-0.027157327,-0.75509655,-0.7280165
PeMS04,254,1,171,31.0,42.179626,43.238724,-11.179626,-12.238724,0.13119125,0.43285224,0.49505305,1.0590966
PeMS04,255,1,171,48.0,39.4122,40.752316,8.587799,7.2476845,0.048870087,0.43048948,0.8607546,1.3401141
PeMS04,256,1,171,34.0,40.80565,41.071022,-6.805649,-7.071022,0.12862015,0.46690312,-0.33015096,0.26537228
PeMS04,257,1,171,44.0,39.603622,39.447334,4.3963776,4.5526657,0.044898987,-0.14679216,-0.054393888,-0.15628706
PeMS04,258,1,171,42.0,39.123566,39.741344,2.8764343,2.2586555,0.10808945,0.5455855,-0.035897642,0.61777735
PeMS04,259,1,171,38.0,39.633698,39.564392,-1.6336975,-1.5643921,0.15215683,-0.29730523,0.07584391,-0.06930449
PeMS04,260,1,171,40.0,38.89917,38.896725,1.1008301,1.1032753,0.122722626,-0.0024774873,-0.1226909,-0.0024457648
PeMS04,261,1,171,34.0,37.67415,38.000645,-3.6741486,-4.0006447,0.13670349,0.22515489,-0.035363317,0.32649505
PeMS04,262,1,171,38.0,36.798462,36.99061,1.2015381,1.0093918,0.07683563,0.13099718,-0.015686035,0.19214678
PeMS04,263,1,171,39.0,36.15326,36.119186,2.8467407,2.8808136,0.098480225,0.0066328757,-0.13918522,-0.034072116
PeMS04,264,1,171,29.0,36.00299,36.693436,-7.0029907,-7.6934357,0.14436722,-0.055513777,0.60159,0.6904434
PeMS04,265,1,171,32.0,34.844116,35.619102,-2.8441162,-3.6191025,0.06088257,0.09756376,0.6165408,0.7749871
PeMS04,266,1,171,26.0,34.45427,33.303917,-8.454269,-7.303917,0.015785217,-0.26012048,-0.9060168,-1.1503521
PeMS04,267,1,171,39.0,31.989029,31.863829,7.010971,7.1361713,-0.06064415,-0.53339565,0.46883863,-0.12520117
PeMS04,268,1,171,43.0,32.7399,33.220535,10.260101,9.779465,0.023311615,-0.043609858,0.50093466,0.48063642
PeMS04,269,1,171,39.0,34.5345,34.476955,4.4655,4.5230446,0.10391998,-0.6267365,0.46527183,-0.05754471
PeMS04,270,1,171,36.0,34.771835,33.855686,1.2281647,2.1443138,0.17180252,-0.5800807,-0.5078711,-0.91614926
PeMS04,271,1,171,33.0,33.985992,34.068428,-0.98599243,-1.068428,0.18751144,0.144328,-0.24940321,0.082436234
PeMS04,272,1,171,32.0,32.474747,32.385788,-0.4747467,-0.38578796,0.16846085,0.07479973,-0.33221853,-0.08895795
PeMS04,273,1,171,27.0,32.02867,32.82526,-5.0286713,-5.82526,0.15818024,-0.016165037,0.65457296,0.7965882
PeMS04,274,1,171,31.0,30.696915,30.343906,0.30308533,0.6560936,0.07267189,-0.5127699,0.087089345,-0.35300863
PeMS04,275,1,171,35.0,30.846191,30.3012,4.1538086,4.698799,0.076761246,-0.4469234,-0.17482856,-0.5449907
PeMS04,276,1,171,34.0,31.162064,31.003954,2.8379364,2.996046,0.1423626,0.07397828,-0.37444967,-0.1581088
PeMS04,277,1,171,35.0,33.349045,33.587624,1.6509552,1.4123764,0.18165207,-0.36962238,0.42655006,0.23857975
PeMS04,278,1,171,38.0,34.7975,34.80768,3.2024994,3.1923218,0.20419312,0.11429705,-0.30831373,0.01017642
PeMS04,279,1,171,46.0,36.08252,36.23639,9.91748,9.763611,0.25005722,0.13882828,-0.23501736,0.15386814
PeMS04,280,1,171,32.0,37.808594,37.312378,-5.8085938,-5.312378,0.32398987,-0.30385917,-0.5163479,-0.4962172
PeMS04,281,1,171,38.0,37.840042,37.69496,0.15995789,0.30503845,0.23908997,0.024518132,-0.40869004,-0.14508194
PeMS04,282,1,171,46.0,38.160034,37.37852,7.839966,8.621479,0.2400856,-0.75594145,-0.26565763,-0.78151345
PeMS04,283,1,171,45.0,40.42273,39.396225,4.5772705,5.603775,0.31504822,-0.6183428,-0.7232105,-1.0265051
PeMS04,284,1,171,29.0,43.053177,42.048317,-14.053177,-13.048317,0.38430023,-0.17592604,-1.2132338,-1.0048597
PeMS04,285,1,171,32.0,40.772385,39.76835,-8.772385,-7.7683487,0.29521942,-1.7084854,0.40922898,-1.0040369
PeMS04,286,1,171,51.0,42.511734,43.445312,8.488266,7.5546875,0.21012497,-0.2078652,0.9313178,0.9335776
PeMS04,287,1,171,44.0,45.837692,44.82641,-1.8376923,-0.8264084,0.28562164,-0.6062318,-0.69067323,-1.0112834
PeMS08,0,1,44,349.0,298.43073,299.77762,50.569275,49.22238,-0.13867188,-0.16343592,1.648994,1.3468862
PeMS08,1,1,44,303.0,306.80432,306.79825,-3.8043213,-3.7982483,0.47930908,-0.2434286,-0.24195123,-0.006070748
PeMS08,2,1,44,343.0,308.38947,308.91125,34.610535,34.088745,0.335083,1.1041934,-0.9174916,0.52178484
PeMS08,3,1,44,325.0,320.29315,320.16534,4.706848,4.834656,0.9182129,0.3137708,-1.3598036,-0.1278199
PeMS08,4,1,44,304.0,327.43475,329.0215,-23.434753,-25.021515,1.0056152,-0.49832526,1.079485,1.5867751
PeMS08,5,1,44,328.0,320.7522,324.96332,7.2478027,3.0366821,0.35876465,1.3571157,2.495234,4.2111144
PeMS08,6,1,44,359.0,322.90143,326.05136,36.09857,32.94864,0.5586853,0.95417243,1.6370645,3.1499221
PeMS08,7,1,44,324.0,325.30322,327.89618,-1.3032227,-3.8961792,1.1244507,-0.07669276,1.5452126,2.5929704
PeMS08,8,1,44,309.0,328.21606,326.4291,-19.216064,-17.429108,1.0432434,-0.24265435,-2.5875416,-1.7869525
PeMS08,9,1,44,344.0,333.00128,331.97412,10.998718,12.025879,0.41516113,0.10622825,-1.548552,-1.0271627
PeMS08,10,1,44,353.0,333.50766,330.466,19.49234,22.533997,0.7313843,-1.1060134,-2.6670184,-3.0416474
PeMS08,11,1,44,316.0,334.82077,334.05664,-18.82077,-18.05664,1.2740173,0.454482,-2.4926376,-0.76413834
PeMS08,12,1,44,353.0,325.0905,322.10846,27.909485,30.89154,0.6564026,-1.1551226,-2.4833431,-2.9820633
PeMS08,13,1,44,321.0,326.19907,329.02164,-5.199066,-8.021637,1.240509,0.909366,0.67270565,2.8225808
PeMS08,14,1,44,290.0,333.47977,338.23563,-43.479767,-48.235626,1.050415,2.5517063,1.1537237,4.755845
PeMS08,15,1,44,305.0,324.6631,325.29678,-19.663086,-20.296783,0.39361572,1.533396,-1.2933023,0.63370943
PeMS08,16,1,44,319.0,322.20633,322.47226,-3.2063293,-3.4722595,-0.20440674,-1.265723,1.7360497,0.26591992
PeMS08,17,1,44,308.0,322.27682,321.35156,-14.276825,-13.3515625,-0.29348755,-0.12478868,-0.5069816,-0.9252578
PeMS08,18,1,44,306.0,316.58508,319.8389,-10.585083,-13.838898,-0.6881714,1.432886,2.5091045,3.253819
PeMS08,19,1,44,344.0,312.9322,312.97906,31.06781,31.020935,-0.9684143,0.5094828,0.5057957,0.04686421
PeMS08,20,1,44,326.0,326.5108,321.63757,-0.5108032,4.3624268,-0.31802368,-2.024584,-2.5306149,-4.8732224
PeMS08,21,1,44,346.0,338.7177,339.6678,7.2822876,6.3322144,-0.31002808,-0.55482775,1.8149194,0.9500635
PeMS08,22,1,44,361.0,338.21155,339.83014,22.788452,21.16986,-0.0652771,0.20581108,1.4780568,1.6185908
PeMS08,23,1,44,318.0,338.9702,341.22498,-20.970215,-23.224976,0.5678406,-0.9852696,2.672181,2.254752
PeMS08,24,1,44,132.0,324.36688,325.70453,-192.36688,-193.70453,-0.047790527,1.5766282,-0.19117916,1.3376585
PeMS08,25,1,44,15.0,289.40808,290.21506,-274.40808,-275.21506,-0.6482849,-1.070656,2.525909,0.8069681
PeMS08,26,1,44,27.0,270.6541,267.01028,-243.65411,-240.01028,-1.209198,0.04638312,-2.481024,-3.643839
PeMS08,27,1,44,18.0,268.5647,266.96664,-250.5647,-248.96664,-1.7468567,-0.7698743,0.91868556,-1.5980455
PeMS08,28,1,44,14.0,271.509,271.3649,-257.509,-257.3649,-2.2544556,0.64936215,1.4610037,-0.14408982
PeMS08,29,1,44,15.0,267.21713,266.0988,-252.21713,-251.09879,-2.7412415,-0.9252958,2.548189,-1.1183484
PeMS08,30,1,44,14.0,265.16638,262.23044,-251.16638,-248.23044,-3.1848755,-0.9141399,1.1630656,-2.9359498
PeMS08,31,1,44,15.0,273.94296,271.2678,-258.94296,-256.2678,-3.6180115,-0.24515122,1.187994,-2.6751688
PeMS08,32,1,44,97.0,282.50977,280.51828,-185.50977,-183.51828,-4.0030823,1.0264858,0.9850964,-1.9914999
PeMS08,33,1,44,109.0,290.27142,282.96945,-181.27142,-173.96945,-4.4055786,-1.1514109,-1.7449826,-7.3019724
PeMS08,34,1,44,93.0,291.86093,289.7357,-198.86093,-196.73569,-4.7681274,0.068088055,2.5747907,-2.1252487
PeMS08,35,1,44,99.0,288.18405,285.5971,-189.18405,-186.5971,-5.1152344,0.7094401,1.8188499,-2.586944
PeMS08,36,1,44,92.0,126.54951,121.16885,-34.549507,-29.168854,-5.434799,-0.7784553,0.83259845,-5.3806562
PeMS08,37,1,44,35.0,124.567986,118.17812,-89.567986,-83.17812,-5.7471924,-0.37819952,-0.2644667,-6.3898587
PeMS08,38,1,44,45.0,110.05281,104.96785,-65.05281,-59.96785,-6.046997,-1.5025998,2.4646335,-5.0849633
PeMS08,39,1,44,85.0,108.33994,101.17951,-23.339943,-16.179512,-6.351143,-0.2587308,-0.55055416,-7.160428
PeMS08,40,1,44,98.0,126.69951,121.0491,-28.699509,-23.049103,-6.6406784,-1.2534821,2.2437541,-5.650406
PeMS08,41,1,44,95.0,143.84041,140.27881,-48.84041,-45.27881,-6.8868256,2.3835242,0.9417063,-3.5615954
PeMS08,42,1,44,97.0,132.20563,128.25786,-35.205627,-31.257858,-7.1444397,2.6304264,0.56624097,-3.9477723
PeMS08,43,1,44,105.0,135.27939,127.974464,-30.279388,-22.974464,-7.383156,-0.29740465,0.37563914,-7.3049216
PeMS08,44,1,44,98.0,138.1426,127.86604,-40.142593,-29.866043,-7.612015,-0.733562,-1.9309702,-10.276547
PeMS08,45,1,44,103.0,136.96307,130.84038,-33.963074,-27.840378,-7.845337,0.21993136,1.5027062,-6.1226993
PeMS08,46,1,44,101.0,143.31984,134.29008,-42.31984,-33.290085,-8.074707,0.37988,-1.3349246,-9.029752
PeMS08,47,1,44,98.0,139.1507,130.86061,-41.150696,-32.86061,-8.280304,-2.4943907,2.4846058,-8.290089
PeMS08,48,1,44,87.0,139.10335,127.7929,-52.103348,-40.7929,-8.460587,-1.360076,-1.4897889,-11.3104515
PeMS08,49,1,44,89.0,137.89212,129.84265,-48.89212,-40.84265,-8.633499,0.2892767,0.2947502,-8.049472
PeMS08,50,1,44,102.0,139.99695,127.363686,-37.99695,-25.363686,-8.815964,-1.3786855,-2.4386163,-12.633265
PeMS08,51,1,44,103.0,141.18253,134.067,-38.182526,-31.067001,-8.967163,0.09824565,1.7533998,-7.1155176
PeMS08,52,1,44,96.0,143.67282,135.36115,-47.67282,-39.361145,-9.134567,-1.4030219,2.2259166,-8.311672
PeMS08,53,1,44,109.0,138.53264,130.5508,-29.532639,-21.550797,-9.268448,0.05652141,1.230085,-7.9818416
PeMS08,54,1,44,90.0,143.51706,134.91135,-53.51706,-44.911346,-9.412186,-0.62713027,1.4336065,-8.60571
PeMS08,55,1,44,101.0,135.70078,124.94581,-34.700775,-23.945808,-9.54966,0.4447986,-1.6501024,-10.754964
PeMS08,56,1,44,88.0,144.37442,136.96205,-56.37442,-48.96205,-9.678589,-0.23245706,2.4986815,-7.4123645
PeMS08,57,1,44,67.0,146.38005,138.98117,-79.38005,-71.98117,-9.800873,1.283904,1.1180854,-7.3988833
PeMS08,58,1,44,65.0,139.7313,127.937874,-74.73129,-62.937874,-9.899979,0.62610674,-2.5195467,-11.793419
PeMS08,59,1,44,63.0,133.26797,127.480316,-70.267975,-64.480316,-10.013344,1.6618434,2.5638444,-5.787656
PeMS08,60,1,44,64.0,123.091965,115.31061,-59.091965,-51.310608,-10.105598,1.0559982,1.26824,-7.7813606
PeMS08,61,1,44,65.0,121.76339,112.74638,-56.76339,-47.746384,-10.219658,-0.9498252,2.1524742,-9.017009
PeMS08,62,1,44,73.0,122.72364,111.82695,-49.72364,-38.82695,-10.3018265,-0.53843987,-0.056421775,-10.896688
PeMS08,63,1,44,71.0,125.63963,117.36124,-54.639633,-46.361237,-10.3946,-0.35985008,2.4760551,-8.278395
PeMS08,64,1,44,67.0,118.33667,110.0042,-51.33667,-43.004204,-10.476028,0.10009534,2.0434685,-8.332464
PeMS08,65,1,44,65.0,119.68014,107.713196,-54.680138,-42.713196,-10.553642,1.059581,-2.472884,-11.966946
PeMS08,66,1,44,70.0,112.88755,105.06822,-42.88755,-35.068222,-10.625381,0.29715812,2.5088925,-7.8193307
PeMS08,67,1,44,57.0,107.79833,97.78701,-50.798332,-40.78701,-10.704163,-0.74407053,1.4369099,-10.011323
PeMS08,68,1,44,57.0,102.201965,89.72175,-45.201965,-32.72175,-10.772888,0.035750326,-1.7430787,-12.480217
PeMS08,69,1,44,69.0,105.32003,94.86228,-36.32003,-25.862282,-10.846954,0.64968073,-0.26047423,-10.457747
PeMS08,70,1,44,80.0,110.399216,100.36633,-30.399216,-20.366333,-10.900742,-0.87322664,1.741085,-10.032883
PeMS08,71,1,44,78.0,113.91265,105.75193,-35.91265,-27.75193,-10.962479,0.7379546,2.0638058,-8.160718
PeMS08,72,1,44,68.0,113.66107,103.692604,-45.66107,-35.692604,-11.011719,0.6935463,0.3497013,-9.968472
PeMS08,73,1,44,72.0,105.87326,96.07388,-33.87326,-24.073883,-11.078064,0.49992576,0.778759,-9.799379
PeMS08,74,1,44,71.0,105.878395,96.09755,-34.878395,-25.09755,-11.131432,1.442849,-0.09226108,-9.780844
PeMS08,75,1,44,76.0,106.69329,95.119865,-30.69329,-19.119865,-11.157837,-0.88786924,0.47228357,-11.573422
PeMS08,76,1,44,71.0,108.03917,99.965164,-37.03917,-28.965164,-11.193741,2.1642523,0.9554841,-8.074004
PeMS08,77,1,44,84.0,99.34473,87.35518,-15.344727,-3.3551788,-11.243004,-0.6311109,-0.11543287,-11.989548
PeMS08,78,1,44,61.0,110.17013,99.60874,-49.170128,-38.60874,-11.158592,0.6748179,-0.07761334,-10.561387
PeMS08,79,1,44,66.0,108.63615,96.924034,-42.636147,-30.924034,-11.177765,-1.564881,1.0305367,-11.71211
PeMS08,80,1,44,73.0,109.43336,97.858406,-36.433357,-24.858406,-11.211189,-0.47768077,0.11391832,-11.574952
PeMS08,81,1,44,65.0,104.32711,93.87029,-39.32711,-28.870293,-11.26123,1.5192226,-0.71480954,-10.456818
PeMS08,82,1,44,74.0,104.00823,91.80429,-30.008232,-17.80429,-11.305008,0.20559299,-1.1045301,-12.203945
PeMS08,83,1,44,69.0,102.831474,90.28079,-33.831474,-21.280792,-11.339249,-0.3705278,-0.8409037,-12.55068
PeMS08,84,1,44,68.0,99.49573,87.33043,-31.495728,-19.33043,-11.376373,-1.0589374,0.27000928,-12.165301
PeMS08,85,1,44,69.0,104.25766,93.34448,-35.25766,-24.344482,-11.42395,0.26790705,0.24286775,-10.913176
PeMS08,86,1,44,76.0,103.47923,90.53371,-27.479233,-14.533707,-11.438072,-0.9448616,-0.5625901,-12.945524
PeMS08,87,1,44,70.0,103.9648,93.62605,-33.964798,-23.626053,-11.499115,-0.06955413,1.2299224,-10.338747
PeMS08,88,1,44,66.0,109.73125,95.12029,-43.731247,-29.120293,-11.526184,-1.4577991,-1.6269745,-14.610957
PeMS08,89,1,44,69.0,106.87177,97.53673,-37.871773,-28.536728,-11.567863,1.8371247,0.39569125,-9.335048
PeMS08,90,1,44,96.0,100.84393,88.64777,-4.843933,7.3522263,-11.631508,-0.9776636,0.41301513,-12.1961565
PeMS08,91,1,44,151.0,115.372826,101.267296,35.627174,49.732704,-11.1837845,-2.4246545,-0.49709415,-14.105533
PeMS08,92,1,44,259.0,165.61176,154.80058,93.388245,104.19942,-10.026001,-0.4296502,-0.35551506,-10.811167
PeMS08,93,1,44,260.0,247.922,240.38478,12.078003,19.61522,-8.907608,2.1555781,-0.785191,-7.537221
PeMS08,94,1,44,221.0,235.56946,228.29962,-14.569458,-7.2996216,-8.083481,1.0412128,-0.22756907,-7.269837
PeMS08,95,1,44,311.0,222.85912,214.91475,88.140884,96.08525,-8.107285,-0.6408161,0.8037312,-7.9443693
PeMS08,96,1,44,207.0,257.684,249.79477,-50.68399,-42.79477,-7.1248474,0.06646903,-0.8308452,-7.8892236
PeMS08,97,1,44,184.0,230.37335,223.92477,-46.373352,-39.924774,-7.3539734,0.4243869,0.48100576,-6.4485807
PeMS08,98,1,44,188.0,211.82607,205.5182,-23.826065,-17.518204,-7.5967712,1.3021224,-0.013209928,-6.307859
PeMS08,99,1,44,194.0,207.2393,197.56943,-13.239304,-3.5694275,-7.8274994,-1.0164633,-0.82590944,-9.669872
PeMS08,100,1,44,199.0,201.66763,193.40579,-2.667633,5.594208,-7.8395233,0.45262164,-0.8749367,-8.261839
PeMS08,101,1,44,195.0,198.55156,190.8758,-3.5515594,4.1242065,-7.5221252,-0.30641592,0.1527797,-7.6757617
PeMS08,102,1,44,198.0,190.39812,182.96281,7.601883,15.037186,-7.2339325,-0.22948992,0.028119646,-7.4353027
PeMS08,103,1,44,206.0,188.8419,182.2667,17.158096,23.733307,-6.645935,0.76191306,-0.6911913,-6.575213
PeMS08,104,1,44,225.0,195.82875,190.92361,29.17125,34.076385,-5.8056183,-0.99677175,1.8972546,-4.9051356
PeMS08,105,1,44,240.0,198.4404,195.71161,41.5596,44.28839,-4.9130707,-0.4146569,2.5989375,-2.7287903
PeMS08,106,1,44,200.0,203.4597,197.00468,-3.4597015,2.9953156,-4.0568542,-0.81589407,-1.5822631,-6.4550114
PeMS08,107,1,44,199.0,192.77335,189.49716,6.226654,9.502838,-3.9775238,-0.78108454,1.4824185,-3.2761898
PeMS08,108,1,44,228.0,185.70422,182.62846,42.295776,45.371536,-3.6085663,-0.97650504,1.509309,-3.0757625
PeMS08,109,1,44,190.0,189.18967,184.96545,0.81033325,5.034546,-2.827057,-0.5353988,-0.8617535,-4.2242093
PeMS08,110,1,44,165.0,186.06265,181.66605,-21.062653,-16.666046,-2.669754,-0.8636352,-0.8632216,-4.3966107
PeMS08,111,1,44,193.0,181.01091,178.05785,11.98909,14.942154,-3.1424255,0.015772741,0.17358546,-2.9530673
PeMS08,112,1,44,173.0,179.245,175.52647,-6.244995,-2.526474,-2.6293182,-1.0380452,-0.05116058,-3.718524
PeMS08,113,1,44,162.0,169.68289,166.42683,-7.682892,-4.426834,-2.7036285,0.1485889,-0.70101726,-3.2560568
PeMS08,114,1,44,174.0,162.31412,158.55075,11.685883,15.449249,-2.8054047,-0.19954394,-0.7584221,-3.7633708
PeMS08,115,1,44,159.0,161.89476,158.85771,-2.8947601,0.14228821,-2.3201141,0.10078198,-0.81771785,-3.03705
PeMS08,116,1,44,154.0,156.65302,154.68832,-2.6530151,-0.688324,-2.3068848,0.01308405,0.32911295,-1.9646878
PeMS08,117,1,44,151.0,153.35669,150.81602,-2.3566895,0.18397522,-2.2698364,0.18998739,-0.4608227,-2.5406718
PeMS08,118,1,44,126.0,147.3757,144.65038,-21.375702,-18.650375,-2.2269592,-0.24040869,-0.25795418,-2.725322
PeMS08,119,1,44,145.0,138.27582,135.58153,6.724182,9.418472,-2.7256165,0.121640235,-0.09031216,-2.6942885
PeMS08,120,1,44,135.0,134.19066,131.09438,0.80934143,3.9056244,-2.3858643,-0.32102135,-0.38939413,-3.0962796
PeMS08,121,1,44,137.0,127.37255,126.9005,9.627449,10.099503,-2.2373428,0.7843883,0.9809033,-0.4720512
PeMS08,122,1,44,132.0,127.300476,123.68624,4.699524,8.313759,-1.8328171,-0.28693587,-1.4944856,-3.6142385
PeMS08,123,1,44,119.0,128.61566,125.70556,-9.615662,-6.705559,-1.5999756,-0.8473986,-0.46273202,-2.9101062
PeMS08,124,1,44,125.0,125.17393,123.232704,-0.1739273,1.7672958,-1.8043747,0.085910946,-0.22275881,-1.9412225
PeMS08,125,1,44,127.0,120.633194,117.33565,6.366806,9.664352,-1.712677,-0.6640532,-0.92081815,-3.2975483
PeMS08,126,1,44,130.0,118.14239,116.387505,11.857613,13.612495,-1.4654617,-0.7604893,0.47106692,-1.754884
PeMS08,127,1,44,132.0,116.30531,114.54426,15.694687,17.455742,-1.0429535,-0.1423682,-0.57573575,-1.7610574
PeMS08,128,1,44,110.0,115.52532,115.02942,-5.525322,-5.029419,-0.54086304,-0.04394692,0.0889058,-0.49590415
PeMS08,129,1,44,123.0,112.64096,112.40837,10.359039,10.591629,-0.69242096,0.53332573,-0.07349605,-0.23259127
PeMS08,130,1,44,109.0,112.06575,111.27638,-3.0657501,-2.2763824,-0.35851288,0.45511422,-0.88596594,-0.7893646
PeMS08,131,1,44,125.0,108.81081,107.313515,16.189194,17.686485,-0.42649078,-0.7286364,-0.34216514,-1.4972923
PeMS08,132,1,44,120.0,108.100914,109.0414,11.899086,10.958603,0.08668518,0.2031219,0.6506788,0.9404859
PeMS08,133,1,44,98.0,108.78505,108.30747,-10.785049,-10.307472,0.43537903,-0.6103354,-0.30262423,-0.4775806
PeMS08,134,1,44,111.0,104.47144,104.149635,6.528557,6.8503647,0.08364105,-0.3516543,-0.05379184,-0.3218051
PeMS08,135,1,44,95.0,104.495995,104.69042,-9.495995,-9.690422,0.29000092,-0.15559405,0.06002047,0.19442734
PeMS08,136,1,44,125.0,100.84459,102.481415,24.15541,22.518585,-0.00074005127,0.60782033,1.0297433,1.6368237
PeMS08,137,1,44,88.0,103.91629,104.60058,-15.91629,-16.600578,0.6046524,-0.6654483,0.7450844,0.6842885
PeMS08,138,1,44,100.0,99.361496,100.86967,0.638504,-0.86966705,0.102386475,0.22173578,1.184049,1.5081713
PeMS08,139,1,44,98.0,98.08292,98.13401,-0.08291626,-0.13401031,0.12349701,0.0048938626,-0.07729809,0.05109279
PeMS08,140,1,44,99.0,96.70714,96.35253,2.292862,2.6474686,0.12029266,-0.1510365,-0.3238665,-0.35461032
PeMS08,141,1,44,115.0,98.170044,99.095924,16.829956,15.904076,0.18891144,-0.035209708,0.7721823,0.925884
PeMS08,142,1,44,84.0,99.472916,101.32957,-15.472916,-17.329567,0.6917038,0.41963542,0.7453087,1.856648
PeMS08,143,1,44,96.0,95.69661,96.42806,0.3033905,-0.42806244,0.19089508,0.42691135,0.11364893,0.7314554
PeMS08,144,1,44,91.0,94.2832,93.13183,-3.2832031,-2.1318283,0.19116211,-0.012408551,-1.3301321,-1.1513786
PeMS08,145,1,44,90.0,92.160416,92.09077,-2.1604156,-2.090767,0.08670807,0.06025058,-0.21660884,-0.06965019
PeMS08,146,1,44,90.0,90.991165,91.35879,-0.99116516,-1.3587875,0.021888733,0.28955656,0.056179386,0.36762467
PeMS08,147,1,44,86.0,90.326965,91.620155,-4.3269653,-5.6201553,-0.0010223389,-0.06755445,1.361765,1.2931882
PeMS08,148,1,44,80.0,89.37013,87.294655,-9.370132,-7.294655,-0.12172699,-1.089032,-0.8647152,-2.0754743
PeMS08,149,1,44,102.0,85.81514,85.08557,16.18486,16.914429,-0.40229797,-0.006845584,-0.32042503,-0.7295686
PeMS08,150,1,44,79.0,87.03816,86.95711,-8.038162,-7.9571075,0.124435425,0.29146487,-0.4969573,-0.08105701
PeMS08,151,1,44,87.0,84.980286,84.75281,2.0197144,2.2471924,-0.11917114,-0.47668028,0.3683734,-0.22747803
PeMS08,152,1,44,70.0,86.25021,85.79124,-16.250214,-15.791237,-0.056427002,-0.12376393,-0.27878916,-0.45898008
PeMS08,153,1,44,95.0,83.35608,82.8644,11.643921,12.135597,-0.53663635,0.3944195,-0.34945625,-0.4916731
PeMS08,154,1,44,95.0,83.112854,83.29648,11.887146,11.703522,-0.16001129,0.4780593,-0.13442111,0.18362689
PeMS08,155,1,44,77.0,83.8311,84.406235,-6.8311005,-7.4062347,0.20122528,-0.13884248,0.5127525,0.5751353
PeMS08,156,1,44,80.0,79.4288,80.90402,0.5711975,-0.9040222,-0.028312683,0.54018295,0.9633463,1.4752166
PeMS08,157,1,44,78.0,77.753265,78.17151,0.24673462,-0.17150879,-0.008338928,0.17690924,0.24967508,0.41824538
PeMS08,158,1,44,102.0,77.03891,77.22074,24.96109,24.779259,-0.0033721924,0.3122946,-0.12709093,0.18183148
PeMS08,159,1,44,81.0,83.19873,83.5563,-2.1987305,-2.5562973,0.61008453,-0.12371358,-0.12880428,0.35756665
PeMS08,160,1,44,83.0,84.80415,86.19951,-1.8041534,-3.1995087,0.5128174,0.37742466,0.5051158,1.3953578
PeMS08,161,1,44,90.0,84.90164,86.46544,5.098358,3.5345612,0.42931366,0.87611574,0.25836897,1.5637984
PeMS08,162,1,44,99.0,86.425644,87.625435,12.574356,11.374565,0.57242584,0.52950233,0.09786537,1.1997936
PeMS08,163,1,44,89.0,91.214676,91.57385,-2.214676,-2.5738525,0.9250717,0.10312044,-0.66901934,0.35917282
PeMS08,164,1,44,98.0,95.68788,96.17616,2.3121185,1.8238373,0.82377625,-0.02374154,-0.3117524,0.4882823
PeMS08,165,1,44,117.0,99.36308,100.47259,17.636917,16.527412,0.8494034,0.253322,0.006780412,1.1095058
PeMS08,166,1,44,95.0,98.60399,100.13098,-3.6039886,-5.1309814,1.326767,0.026342759,0.17388177,1.5269915
PeMS08,167,1,44,93.0,92.268326,95.30087,0.7316742,-2.3008728,1.1516037,0.9879268,0.8930197,3.03255
PeMS08,168,1,44,90.0,86.48067,88.00438,3.519333,1.9956207,1.1274261,0.8855511,-0.48926833,1.5237088
PeMS08,169,1,44,79.0,87.298096,88.94294,-8.298096,-9.94294,1.1662827,0.05334746,0.42521206,1.6448421
PeMS08,170,1,44,99.0,90.06532,90.77758,8.934677,8.22242,0.8550339,-0.16005762,0.017278716,0.712255
PeMS08,171,1,44,81.0,94.98964,95.9302,-13.989639,-14.930199,1.0761261,0.37769425,-0.513264,0.94055635
PeMS08,172,1,44,105.0,96.61427,97.68979,8.385727,7.310211,0.611763,0.6254498,-0.16169542,1.0755174
PeMS08,173,1,44,102.0,102.3583,103.06734,-0.35829926,-1.067337,0.8272095,0.6001411,-0.71831656,0.70903397
PeMS08,174,1,44,110.0,106.025536,105.79109,3.9744644,4.208908,0.75429535,-1.611868,0.6231296,-0.23444307
PeMS08,175,1,44,110.0,111.138794,113.12512,-1.138794,-3.125122,0.8216095,0.6458936,0.5188228,1.9863259
PeMS08,176,1,44,109.0,117.629814,117.59009,-8.629814,-8.590088,0.7528839,-0.27253446,-0.52007663,-0.03972718
PeMS08,177,1,44,111.0,119.823135,122.05386,-8.823135,-11.053864,0.4430771,1.3585346,0.4291154,2.2307272
PeMS08,178,1,44,122.0,115.950874,117.47107,6.0491257,4.5289307,0.15470123,0.9771751,0.38831592,1.5201923
PeMS08,179,1,44,131.0,109.29948,111.0395,21.700523,19.960503,0.3270111,1.3298236,0.0831857,1.7400204
PeMS08,180,1,44,111.0,105.67941,107.84179,5.320587,3.1582108,0.90387726,0.6412477,0.617254,2.162379
PeMS08,181,1,44,100.0,105.162125,105.80006,-5.1621246,-5.8000565,1.0230942,-0.40155363,0.01639129,0.6379318
PeMS08,182,1,44,125.0,109.06908,110.594154,15.930923,14.405846,0.81456757,-0.2528821,0.9633961,1.5250815
PeMS08,183,1,44,115.0,122.42977,125.53993,-7.4297714,-10.539932,1.2426682,0.8126839,1.0548106,3.1101627
PeMS08,184,1,44,132.0,128.59149,130.32626,3.4085083,1.6737366,0.9640198,0.19344725,0.577303,1.73477
PeMS08,185,1,44,139.0,133.56702,133.76176,5.4329834,5.2382355,1.0181427,-0.045285292,-0.7781112,0.1947462
PeMS08,186,1,44,146.0,139.65552,140.55367,6.3444824,5.446335,1.1322327,-0.0022843536,-0.23180424,0.898144
PeMS08,187,1,44,174.0,145.20657,145.75992,28.793427,28.240082,1.2669373,-0.44223493,-0.2713531,0.55334926
PeMS08,188,1,44,140.0,157.91342,157.99673,-17.913422,-17.996735,1.7940521,-1.087297,-0.6234484,0.08330679
PeMS08,189,1,44,164.0,159.354,159.43459,4.645996,4.5654144,1.16745,-1.2161862,0.12932433,0.08058812
PeMS08,190,1,44,169.0,159.4766,160.28079,9.523407,8.719208,1.2380829,0.5588072,-0.9926945,0.8041955
PeMS08,191,1,44,133.0,151.33566,153.92836,-18.335663,-20.92836,1.4532318,1.6591117,-0.51965034,2.5926933
PeMS08,192,1,44,153.0,140.12596,141.23451,12.874039,11.765488,0.82614136,-0.03632447,0.31873477,1.1085516
PeMS08,193,1,44,147.0,139.82655,140.94073,7.1734467,6.059265,1.1491089,0.45317405,-0.48809707,1.1141859
PeMS08,194,1,44,141.0,148.76193,147.99083,-7.7619324,-6.9908295,1.2944794,-1.066047,-0.99952865,-0.7710962
PeMS08,195,1,44,175.0,157.026,156.7517,17.973999,18.248306,0.97288513,-1.0273895,-0.21980846,-0.27431285
PeMS08,196,1,44,171.0,167.58205,168.35101,3.4179535,2.6489868,1.4425507,0.043476548,-0.71705914,0.7689681
PeMS08,197,1,44,183.0,172.59009,174.73457,10.409912,8.265427,1.4804382,1.5430562,-0.87900525,2.1444893
PeMS08,198,1,44,174.0,181.14395,183.7071,-7.1439514,-9.707108,1.7201233,0.26851824,0.5745165,2.563158
PeMS08,199,1,44,196.0,184.53409,187.74815,11.465912,8.251846,1.4429932,0.87291646,0.89815766,3.2140672
PeMS08,200,1,44,194.0,194.47577,196.91685,-0.47576904,-2.9168549,1.7122498,1.2759901,-0.5471567,2.441083
PeMS08,201,1,44,195.0,200.73882,202.09451,-5.7388153,-7.094513,1.6138763,-1.8616992,1.603516,1.3556931
PeMS08,202,1,44,199.0,199.95605,200.06204,-0.9560547,-1.0620422,1.3417511,-0.38374403,-0.8520175,0.105989575
PeMS08,203,1,44,169.0,188.4161,193.4512,-19.416107,-24.451202,1.2384796,2.3421533,1.4544635,5.035096
PeMS08,204,1,44,186.0,178.7532,179.46707,7.2467957,6.5329285,0.5924988,-0.17121977,0.29258966,0.7138687
PeMS08,205,1,44,169.0,172.0329,176.39864,-3.032898,-7.398636,0.77796936,2.5584996,1.0292685,4.3657374
PeMS08,206,1,44,185.0,173.92685,174.95612,11.073151,10.043884,0.61650085,-0.69869447,1.1114565,1.0292629
PeMS08,207,1,44,189.0,186.90729,187.18266,2.0927124,1.817337,0.9099121,-0.9109378,0.2764064,0.27538073
PeMS08,208,1,44,205.0,193.80084,196.17313,11.199158,8.826874,0.92230225,1.2435892,0.20639616,2.3722875
PeMS08,209,1,44,210.0,194.68637,196.7907,15.313629,13.209305,1.2218628,-0.39165154,1.2741189,2.10433
PeMS08,210,1,44,199.0,198.18132,202.37614,0.8186798,-3.3761444,1.598175,1.3854201,1.2112331,4.194828
PeMS08,211,1,44,222.0,205.43831,205.25249,16.561691,16.747513,1.5585022,-0.43404877,-1.3102766,-0.1858232
PeMS08,212,1,44,214.0,215.5113,220.18314,-1.5113068,-6.183136,1.9962616,0.9485584,1.7270088,4.6718287
PeMS08,213,1,44,257.0,217.45999,220.69827,39.54001,36.301727,1.8501892,1.5347635,-0.14667626,3.2382762
PeMS08,214,1,44,219.0,222.78242,225.78886,-3.782425,-6.788864,2.3626862,0.7601736,-0.11641978,3.00644
PeMS08,215,1,44,221.0,213.39774,216.24185,7.6022644,4.758148,2.1371918,0.5163168,0.19060767,2.8441162
PeMS08,216,1,44,210.0,209.36514,215.52713,0.6348572,-5.52713,2.2514954,2.4715793,1.4389145,6.161989
PeMS08,217,1,44,198.0,207.50589,209.97742,-9.50589,-11.977417,2.1594086,-0.81204844,1.1241721,2.4715323
PeMS08,218,1,44,203.0,205.99641,206.67006,-2.9964142,-3.6700592,1.7686462,-0.17268398,-0.92231166,0.6736506
PeMS08,219,1,44,192.0,209.96704,211.85934,-17.967041,-19.859344,1.556427,0.5278723,-0.19198895,1.8923104
PeMS08,220,1,44,194.0,214.07898,213.40988,-20.07898,-19.409882,0.9523773,-1.2707797,-0.35068864,-0.66909105
PeMS08,221,1,44,207.0,214.39877,213.53215,-7.398773,-6.5321503,0.28567505,-0.90873337,-0.24355736,-0.86661565
PeMS08,222,1,44,194.0,216.18681,218.44746,-22.186813,-24.447464,0.033996582,0.18755963,2.0390978,2.260654
PeMS08,223,1,44,238.0,217.2668,217.28044,20.7332,20.719559,-0.5810394,-0.20569903,0.8003737,0.013635218
PeMS08,224,1,44,245.0,227.71814,227.51546,17.28186,17.484543,0.033447266,0.13903552,-0.37515986,-0.20267707
PeMS08,225,1,44,218.0,239.14925,238.00703,-21.149246,-20.007034,0.5628357,-1.7119395,0.0068989657,-1.1422048
PeMS08,226,1,44,258.0,234.0322,233.84532,23.967804,24.154678,-0.061294556,-0.71118104,0.5855995,-0.18687612
PeMS08,227,1,44,232.0,233.02751,234.06105,-1.0275116,-2.0610504,0.5265198,0.71174544,-0.20472878,1.0335364
PeMS08,228,1,44,204.0,227.31004,224.11621,-23.310043,-20.11621,0.46676636,-2.132653,-1.5279492,-3.1938357
PeMS08,229,1,44,211.0,218.97234,216.88203,-7.972336,-5.8820343,-0.16677856,-2.189108,0.26558298,-2.0903034
PeMS08,230,1,44,234.0,219.75768,219.00862,14.242325,14.991379,-0.3819275,0.827368,-1.1944991,-0.7490586
PeMS08,231,1,44,228.0,226.6753,227.05614,1.324707,0.9438629,0.046905518,-0.34242988,0.6763717,0.38084733
PeMS08,232,1,44,236.0,231.82498,232.01042,4.1750183,3.9895782,0.048934937,-0.6580661,0.7945648,0.18543363
PeMS08,233,1,44,226.0,236.09033,235.85521,-10.090332,-9.855209,0.15010071,-0.21424904,-0.17096974,-0.23511808
PeMS08,234,1,44,238.0,240.6275,240.02457,-2.6275024,-2.0245667,-0.17634583,-0.005457934,-0.4211279,-0.6029316
PeMS08,235,1,44,241.0,242.4641,242.43411,-1.4640961,-1.4341125,-0.26141357,-0.03683428,0.2682628,-0.02998504
PeMS08,236,1,44,217.0,244.23958,243.31339,-27.239578,-26.313385,-0.27493286,-1.0314844,0.3802227,-0.92619455
PeMS08,237,1,44,250.0,245.71658,243.5687,4.2834167,6.431305,-0.86357117,-1.5552129,0.2708896,-2.1478946
PeMS08,238,1,44,259.0,244.0887,243.12921,14.911301,15.870789,-0.70910645,-0.68307084,0.43269223,-0.9594851
PeMS08,239,1,44,247.0,244.37784,246.82794,2.6221619,0.1720581,-0.22579956,1.7535772,0.92233115,2.4501088
PeMS08,240,1,44,247.0,242.80037,242.65875,4.1996307,4.3412476,-0.1327362,-0.30677703,0.29789644,-0.14161679
PeMS08,241,1,44,227.0,243.05301,244.39934,-16.053009,-17.399338,-0.0032806396,0.33227384,1.0173302,1.3463234
PeMS08,242,1,44,242.0,238.80638,238.96733,3.1936188,3.032669,-0.51449585,-0.06035957,0.7358033,0.16094786
PeMS08,243,1,44,229.0,242.01706,242.21321,-13.017059,-13.213211,-0.38586426,0.3787374,0.20327649,0.19614962
PeMS08,244,1,44,261.0,243.80836,243.71532,17.191635,17.284683,-0.77552795,0.549682,0.1327957,-0.09305023
PeMS08,245,1,44,245.0,249.71289,249.68672,-4.7128906,-4.686722,-0.22489929,0.87340254,-0.6746659,-0.026162684
PeMS08,246,1,44,278.0,252.32532,253.623,25.674683,24.376999,-0.3464203,1.6654365,-0.021334367,1.2976818
PeMS08,247,1,44,262.0,258.63806,258.87482,3.3619385,3.125183,0.26486206,0.6020518,-0.6301588,0.23675507
PeMS08,248,1,44,280.0,260.47458,258.06396,19.525421,21.936035,0.3453064,-0.19001105,-2.5659025,-2.410607
PeMS08,249,1,44,299.0,267.79617,265.73206,31.203827,33.267944,0.9064331,-1.6968641,-1.2736934,-2.0641246
PeMS08,250,1,44,242.0,274.6618,276.4703,-32.661804,-34.470306,1.4548035,0.43977305,-0.08605988,1.8085166
PeMS08,251,1,44,245.0,267.0155,263.28812,-22.015503,-18.288116,0.77856445,-2.450175,-2.0557857,-3.7273962
PeMS08,252,1,44,262.0,261.67163,259.6082,0.32836914,2.3918152,0.14001465,0.29230258,-2.4957743,-2.063457
PeMS08,253,1,44,273.0,258.08682,261.47394,14.9131775,11.526062,0.14801025,0.6424367,2.5966566,3.3871036
PeMS08,254,1,44,264.0,265.28784,265.66852,-1.2878418,-1.6685181,0.592926,-1.7010756,1.4888211,0.38067162
PeMS08,255,1,44,275.0,270.62466,271.6633,4.3753357,3.3367004,0.5264282,0.23918307,0.27302724,1.0386386
PeMS08,256,1,44,252.0,270.85986,270.74808,-18.859863,-18.748077,0.6203308,-0.5615063,-0.17061147,-0.11178693
PeMS08,257,1,44,283.0,269.3406,269.65067,13.659393,13.349335,0.018127441,1.3267496,-1.0348183,0.3100587
PeMS08,258,1,44,276.0,275.54047,273.86917,0.4595337,2.1308289,0.42633057,-0.52387345,-1.5737474,-1.6712903
PeMS08,259,1,44,254.0,275.51602,275.66113,-21.516022,-21.661133,0.40856934,-0.9577372,0.6942929,0.14512503
PeMS08,260,1,44,254.0,274.1301,274.45233,-20.130096,-20.452332,-0.21029663,-0.38212773,0.91465455,0.32223016
PeMS08,261,1,44,287.0,273.3119,273.83133,13.68811,13.168671,-0.8430176,1.2580979,0.104372725,0.51945305
PeMS08,262,1,44,266.0,276.05167,275.33383,-10.051666,-9.333832,-0.3937378,-0.66599554,0.34189054,-0.7178428
PeMS08,263,1,44,300.0,270.4603,269.66754,29.539703,30.332458,-0.6902466,0.65450007,-0.75700647,-0.792753
PeMS08,264,1,44,256.0,276.1181,274.455,-20.118103,-18.454987,-0.06222534,-1.5221453,-0.07874042,-1.663111
PeMS08,265,1,44,253.0,270.28903,268.94385,-17.289032,-15.943848,-0.6603699,-1.483697,0.79887235,-1.3451945
PeMS08,266,1,44,271.0,270.5099,271.6172,0.4901123,-0.6171875,-1.1468811,-0.23687512,2.4910595,1.1073034
PeMS08,267,1,44,282.0,274.24673,271.8307,7.7532654,10.169312,-1.0683594,0.65546435,-2.0031586,-2.4160535
PeMS08,268,1,44,269.0,281.6535,284.91876,-12.653503,-15.918762,-0.782135,2.103484,1.9439213,3.2652702
PeMS08,269,1,44,282.0,274.763,274.97922,7.2369995,7.0207825,-1.1281128,0.86182404,0.48249778,0.21620902
PeMS08,270,1,44,275.0,277.51804,278.45987,-2.518036,-3.4598694,-0.84936523,0.4768931,1.3143157,0.9418435
PeMS08,271,1,44,312.0,276.1687,275.6558,35.8313,36.344208,-0.8996887,1.719677,-1.3328903,-0.512902
PeMS08,272,1,44,266.0,283.61972,282.31433,-17.61972,-16.314331,-0.2640686,0.32077664,-1.3621057,-1.3053977
PeMS08,273,1,44,278.0,281.95078,282.6104,-3.9507751,-4.6104126,-0.76782227,0.29218012,1.1352781,0.65963596
PeMS08,274,1,44,248.0,281.4275,280.00577,-33.42749,-32.005768,-0.8528137,-1.4560316,0.88713294,-1.4217124
PeMS08,275,1,44,173.0,273.91974,275.63943,-100.91974,-102.639435,-1.4281616,2.4789398,0.6689105,1.7196887
PeMS08,276,1,44,218.0,256.36594,251.90898,-38.365936,-33.90898,-1.9551544,-2.4754922,-0.026313461,-4.45696
PeMS08,277,1,44,271.0,251.71588,250.1739,19.284119,20.826096,-2.454422,0.29744226,0.6149984,-1.5419815
PeMS08,278,1,44,279.0,263.15927,261.53366,15.840729,17.46634,-1.736969,-0.06441697,0.17578268,-1.6256033
PeMS08,279,1,44,265.0,274.7084,274.7442,-9.708405,-9.744202,-1.1748047,-0.12385328,1.3344631,0.035805106
PeMS08,280,1,44,268.0,276.3701,274.97568,-8.370087,-6.9756775,-1.4031677,-1.0266986,1.035459,-1.3944073
PeMS08,281,1,44,270.0,276.0621,277.3286,-6.0621033,-7.3286133,-1.5745544,1.0502738,1.790779,1.2664983
PeMS08,282,1,44,266.0,274.47064,275.42545,-8.470642,-9.425446,-1.6897888,1.9138626,0.7307414,0.95481515
PeMS08,283,1,44,263.0,273.3357,268.91406,-10.335693,-5.9140625,-1.8564148,-0.78271437,-1.7825012,-4.4216304
PeMS08,284,1,44,272.0,270.975,267.49496,1.0249939,4.5050354,-2.0602417,-1.8042233,0.38442075,-3.4800444
PeMS08,285,1,44,258.0,274.75043,272.84915,-16.750427,-14.849152,-1.9333496,0.23473804,-0.2026705,-1.9012821
PeMS08,286,1,44,288.0,269.19714,266.83063,18.802856,21.169373,-2.3470154,-0.5943905,0.57488304,-2.3665228
PeMS08,287,1,44,288.0,268.51917,267.64435,19.480835,20.355652,-1.6757202,0.35569027,0.44521534,-0.8748146
