dataset,horizon,metric,base,cmrr,improvement_percent,ci95_low_percent,ci95_high_percent,probability_improvement,bootstrap_repetitions,block_origins,blocks
PeMS04,1,MAE,16.595008553925233,16.455667681322637,0.839655322561656,0.7086500044660791,0.9940236402294738,1.0,2000,288,12
PeMS04,1,RMSE,26.908051536259087,26.804035524275506,0.3865609215272177,0.3093581716241402,0.4710116974804042,1.0,2000,288,12
PeMS04,1,MAPE,11.007581919605716,10.9090000791816,0.8955812561206592,0.6953908657661036,1.0834420069772666,1.0,2000,288,12
PeMS04,2,MAE,17.02994615898132,16.85240616551165,1.042516469589896,0.8581500975454981,1.2414469938415706,1.0,2000,288,12
PeMS04,2,RMSE,27.77369901880657,27.62916034026498,0.5204156581509634,0.4096350637572926,0.6342546454582147,1.0,2000,288,12
PeMS04,2,MAPE,11.278947651895052,11.183306969473179,0.8479574989941898,0.6257707978616944,1.0716064582744136,1.0,2000,288,12
PeMS04,3,MAE,17.40538361249897,17.215467804124412,1.0911325633649192,0.9013330605967718,1.2884670593153138,1.0,2000,288,12
PeMS04,3,RMSE,28.458620698214776,28.283424261177995,0.6156181597647553,0.494277217447253,0.7333997428997024,1.0,2000,288,12
PeMS04,3,MAPE,11.484164368312063,11.352831905779446,1.1435961583325918,0.9809394474939777,1.3269047514566585,1.0,2000,288,12
PeMS04,4,MAE,17.666884158282194,17.467183819397807,1.130365360950013,0.9167188110435388,1.3447572237465395,1.0,2000,288,12
PeMS04,4,RMSE,28.937131123098922,28.740609342020882,0.6791336025746092,0.536272650256499,0.8108077462307003,1.0,2000,288,12
PeMS04,4,MAPE,11.606517343601448,11.511830783986401,0.815805093051851,0.5651587214957673,1.0653147064202784,1.0,2000,288,12
PeMS04,5,MAE,17.964256582620514,17.71330147372967,1.396969074320793,1.1341320192788356,1.6483673005167154,1.0,2000,288,12
PeMS04,5,RMSE,29.394857941589546,29.157431137948787,0.8077154314286831,0.6429150849272448,0.9546868616024314,1.0,2000,288,12
PeMS04,5,MAPE,11.749598141725937,11.5928405785408,1.3341525496812432,1.1202823534150892,1.56221973544952,1.0,2000,288,12
PeMS04,6,MAE,18.163436569229713,17.886070388246296,1.527057833611165,1.282637696453864,1.75068232189741,1.0,2000,288,12
PeMS04,6,RMSE,29.768826822447696,29.508768880410717,0.8735915042539687,0.7026411790228004,1.0227404805156575,1.0,2000,288,12
PeMS04,6,MAPE,11.934023532723472,11.727194209221093,1.7331063822293202,1.5414238167302534,1.9370881440451448,1.0,2000,288,12
PeMS04,7,MAE,18.38695036034861,18.114144073196048,1.4836951305468689,1.196440332620134,1.7452954041129727,1.0,2000,288,12
PeMS04,7,RMSE,30.116931916999352,29.829897984518247,0.9530649844152618,0.7521270265744,1.1354540283583814,1.0,2000,288,12
PeMS04,7,MAPE,11.981337273383428,11.839838660997692,1.1809918138276174,0.9287493719021619,1.4402398277840331,1.0,2000,288,12
PeMS04,8,MAE,18.53151062060414,18.24434611258441,1.5496011841606145,1.2446990650339433,1.8215763548582282,1.0,2000,288,12
PeMS04,8,RMSE,30.40225193583746,30.100517669115305,0.9924734107162508,0.7916747068038955,1.1767338359481654,1.0,2000,288,12
PeMS04,8,MAPE,12.089819698919857,11.948173768317645,1.1716132591693467,0.9140655990998318,1.444124767732757,1.0,2000,288,12
PeMS04,9,MAE,18.74236467373149,18.401908140505487,1.8165078908275272,1.4919418124478676,2.092731095731372,1.0,2000,288,12
PeMS04,9,RMSE,30.709616488733793,30.36609416873701,1.1186148160554477,0.8969024353076115,1.3164810053271088,1.0,2000,288,12
PeMS04,9,MAPE,12.26946583964935,12.044162622507983,1.8362919795032042,1.6251699203973475,2.059561676254548,1.0,2000,288,12
PeMS04,10,MAE,18.948174443440706,18.57913959165184,1.9476010889092108,1.6183424075497093,2.2352397865389286,1.0,2000,288,12
PeMS04,10,RMSE,30.99153074727265,30.61209193061633,1.2243306719843448,0.9897777054882678,1.4333041532518653,1.0,2000,288,12
PeMS04,10,MAPE,12.345958830132895,12.135975607122504,1.7008255567634305,1.4715825662255104,1.9386222344603552,1.0,2000,288,12
PeMS04,11,MAE,19.157158714571498,18.73131529503141,2.2228944588540553,1.8515579528211557,2.54019571832643,1.0,2000,288,12
PeMS04,11,RMSE,31.283221336804203,30.85594398461197,1.3658355307851553,1.091635465676227,1.6027111888751984,1.0,2000,288,12
PeMS04,11,MAPE,12.57630085807047,12.269401403591797,2.4402998778589913,2.1613083462230924,2.70596407163873,1.0,2000,288,12
PeMS04,12,MAE,19.38300634907234,18.91595603983148,2.4095865255866777,2.0036465690414866,2.7417386531456076,1.0,2000,288,12
PeMS04,12,RMSE,31.62089724145572,31.15055483969466,1.4874416692529175,1.1804599226676442,1.7457236614331322,1.0,2000,288,12
PeMS04,12,MAPE,12.770884098866091,12.433155717184874,2.644518414439319,2.3712250754305746,2.9086429640493137,1.0,2000,288,12
PeMS08,1,MAE,11.749979120762085,11.552745733949479,1.678584998198818,1.426679634753241,1.9028131551285614,1.0,2000,288,13
PeMS08,1,RMSE,19.559452263300916,19.375857254879687,0.9386510723805129,0.7670988680273253,1.0948245294141044,1.0,2000,288,13
PeMS08,1,MAPE,7.814034451137272,7.655155206144876,2.033254984808421,1.3906447435146951,2.7449965360644875,1.0,2000,288,13
PeMS08,2,MAE,12.191861120918396,11.94005557440303,2.065357733474568,1.7533888520205718,2.344491938700813,1.0,2000,288,13
PeMS08,2,RMSE,20.64150267064771,20.384741344786036,1.2439081105601388,1.0254957185461222,1.4532510752476318,1.0,2000,288,13
PeMS08,2,MAPE,8.038112286885303,7.883865768769569,1.9189395794756077,1.1704636441909375,2.743480600229097,1.0,2000,288,13
PeMS08,3,MAE,12.578404148753414,12.282354809574198,2.3536319526555864,1.984214980322653,2.684483807156349,1.0,2000,288,13
PeMS08,3,RMSE,21.50162447270828,21.18095287662474,1.491383111497287,1.2219526623319106,1.7528553453520255,1.0,2000,288,13
PeMS08,3,MAPE,8.245604004400954,8.087167402689607,1.9214675071320977,1.062410941272936,2.8438699179646503,1.0,2000,288,13
PeMS08,4,MAE,12.894503661025707,12.564558831942351,2.558802089301281,2.1507077697043613,2.9352211770812215,1.0,2000,288,13
PeMS08,4,RMSE,22.19883984741202,21.829191619368476,1.665169128586866,1.3642902932057093,1.958671109928579,1.0,2000,288,13
PeMS08,4,MAPE,8.433537208839073,8.271266570138078,1.9241112558431823,1.0067261611836116,2.937637450911133,1.0,2000,288,13
PeMS08,5,MAE,13.17523975918689,12.81720999471867,2.7174440162925446,2.27067999789623,3.125038390538925,1.0,2000,288,13
PeMS08,5,RMSE,22.759146590823743,22.348126060677917,1.8059575674579371,1.4771230978285566,2.125819450208382,1.0,2000,288,13
PeMS08,5,MAPE,8.597255402859647,8.441252768269763,1.8145632213973035,0.8452681963831667,2.865027073462373,1.0,2000,288,13
PeMS08,6,MAE,13.430927876232246,13.029815255605312,2.986484808222033,2.474130724886403,3.4674188410161753,1.0,2000,288,13
PeMS08,6,RMSE,23.26635466401386,22.7892037987789,2.0508191855811932,1.668503172203024,2.4201849713938652,1.0,2000,288,13
PeMS08,6,MAPE,8.768764915567385,8.601642657508432,1.905881383161008,0.7891773079460125,3.149951767017333,1.0,2000,288,13
PeMS08,7,MAE,13.683254127926485,13.257465484606488,3.1117498757184867,2.5768969632637666,3.618813412300389,1.0,2000,288,13
PeMS08,7,RMSE,23.723919574442693,23.215186908835083,2.1443870774020737,1.76253233514373,2.52639419514465,1.0,2000,288,13
PeMS08,7,MAPE,8.923650940094046,8.769453531527487,1.7279632473492201,0.6537738611225156,2.9002742144175686,1.0,2000,288,13
PeMS08,8,MAE,13.913197137921756,13.455135948281162,3.292278439670088,2.7167372764228004,3.839355662201661,1.0,2000,288,13
PeMS08,8,RMSE,24.130656519877355,23.573359495363096,2.3094979784540555,1.9093719625846057,2.7213993152627403,1.0,2000,288,13
PeMS08,8,MAPE,9.076167392172097,8.928389104199816,1.6282014377537302,0.4968922943373477,2.893362723672664,0.9985,2000,288,13
PeMS08,9,MAE,14.113145115709877,13.624444335918048,3.4627347468271807,2.843649755770156,4.070313999714957,1.0,2000,288,13
PeMS08,9,RMSE,24.49235172904912,23.882471170320017,2.490085743811014,2.0689892191606503,2.9316912773249477,1.0,2000,288,13
PeMS08,9,MAPE,9.242172121943337,9.082001334501191,1.733042680106105,0.493925673252834,3.150831975082411,0.9985,2000,288,13
PeMS08,10,MAE,14.313388677063557,13.805365005060475,3.5492899932017012,2.9158792916946776,4.177978321050198,1.0,2000,288,13
PeMS08,10,RMSE,24.839622467920574,24.1955736690231,2.5928284527240173,2.1597115324824365,3.049669056606285,1.0,2000,288,13
PeMS08,10,MAPE,9.381027295802454,9.241456293252732,1.4878008361853232,0.25139742667825166,2.9297147842745663,0.992,2000,288,13
PeMS08,11,MAE,14.530382020416784,13.977386668473219,3.8057867382051334,3.1101496940206457,4.499814506765786,1.0,2000,288,13
PeMS08,11,RMSE,25.198781761393814,24.484105594612988,2.836153642458054,2.3511515598911767,3.3370068772017345,1.0,2000,288,13
PeMS08,11,MAPE,9.53469872608204,9.40486143416002,1.3617346038092535,0.08455284140266991,2.8542678439248577,0.982,2000,288,13
PeMS08,12,MAE,14.817546144003368,14.204008983405581,4.140612451178928,3.3790590421612334,4.922270893222824,1.0,2000,288,13
PeMS08,12,RMSE,25.629211897708362,24.833601894249064,3.1043092804989376,2.544486647970308,3.690685957880383,1.0,2000,288,13
PeMS08,12,MAPE,9.721329604456757,9.623440885045136,1.0069478496721673,-0.3191954536151597,2.5531384422453756,0.924,2000,288,13
