dataset,horizon,feature,coefficient,recent_node_weight_rho
PeMS04,1,node_daily,0.06150724762619177,0.8
PeMS04,1,network_daily,-0.009526033367378443,0.8
PeMS04,1,node_weekly,0.08912144259115086,0.8
PeMS04,1,network_weekly,0.2504353908644336,0.8
PeMS04,2,node_daily,0.07082008328741599,0.8
PeMS04,2,network_daily,0.0003791786728453052,0.8
PeMS04,2,node_weekly,0.10186777475474526,0.8
PeMS04,2,network_weekly,0.2748364528181986,0.8
PeMS04,3,node_daily,0.07476225567687728,0.8
PeMS04,3,network_daily,-0.17809141344705393,0.8
PeMS04,3,node_weekly,0.10707487750031913,0.8
PeMS04,3,network_weekly,0.005757813851439552,0.8
PeMS04,4,node_daily,0.0798293100364588,0.8
PeMS04,4,network_daily,-0.17295897654989276,0.8
PeMS04,4,node_weekly,0.1123704908578952,0.8
PeMS04,4,network_weekly,-0.018239972953904386,0.8
PeMS04,5,node_daily,0.08320632696114778,0.8
PeMS04,5,network_daily,-0.18878332782244692,0.8
PeMS04,5,node_weekly,0.11913972257596817,0.8
PeMS04,5,network_weekly,-0.02295149873150834,0.8
PeMS04,6,node_daily,0.08834602199628729,0.8
PeMS04,6,network_daily,-0.057888617224350854,0.8
PeMS04,6,node_weekly,0.11676997345242894,0.8
PeMS04,6,network_weekly,0.08383589814784201,0.8
PeMS04,7,node_daily,0.09579715052360577,0.8
PeMS04,7,network_daily,-0.24214150489987812,0.8
PeMS04,7,node_weekly,0.131719270755724,0.8
PeMS04,7,network_weekly,-0.05468493062575988,0.8
PeMS04,8,node_daily,0.09378936244564555,0.8
PeMS04,8,network_daily,-0.17735221928352632,0.8
PeMS04,8,node_weekly,0.1318972009604217,0.8
PeMS04,8,network_weekly,-0.013029696958013835,0.8
PeMS04,9,node_daily,0.1017021237217264,0.8
PeMS04,9,network_daily,-0.14319448657648448,0.8
PeMS04,9,node_weekly,0.1372203207239562,0.8
PeMS04,9,network_weekly,0.008803967986108453,0.8
PeMS04,10,node_daily,0.10357791882630527,0.8
PeMS04,10,network_daily,-0.1641057287250994,0.8
PeMS04,10,node_weekly,0.13299885724086222,0.8
PeMS04,10,network_weekly,-0.022058003512004532,0.8
PeMS04,11,node_daily,0.11487394338924019,0.8
PeMS04,11,network_daily,-0.11566344177016576,0.8
PeMS04,11,node_weekly,0.15155303848711343,0.8
PeMS04,11,network_weekly,-0.012885913581580683,0.8
PeMS04,12,node_daily,0.12367535440337017,0.8
PeMS04,12,network_daily,-0.05650408487812808,0.8
PeMS04,12,node_weekly,0.15671305588240952,0.8
PeMS04,12,network_weekly,-0.017481181496106633,0.8
PeMS08,1,node_daily,0.06214119299907545,0.6000000000000001
PeMS08,1,network_daily,0.08891757545024849,0.6000000000000001
PeMS08,1,node_weekly,0.06277825444271298,0.6000000000000001
PeMS08,1,network_weekly,0.11646600152165504,0.6000000000000001
PeMS08,2,node_daily,0.07127336311831561,0.6000000000000001
PeMS08,2,network_daily,0.04062857338324707,0.6000000000000001
PeMS08,2,node_weekly,0.06989905650356514,0.6000000000000001
PeMS08,2,network_weekly,0.09227995111916501,0.6000000000000001
PeMS08,3,node_daily,0.07973014261671148,0.6000000000000001
PeMS08,3,network_daily,0.04019220678565494,0.6000000000000001
PeMS08,3,node_weekly,0.08033522089285712,0.6000000000000001
PeMS08,3,network_weekly,0.0957865185182383,0.6000000000000001
PeMS08,4,node_daily,0.08680049329043368,0.6000000000000001
PeMS08,4,network_daily,0.05080113998176299,0.6000000000000001
PeMS08,4,node_weekly,0.08453017572661403,0.6000000000000001
PeMS08,4,network_weekly,0.05884860419879023,0.6000000000000001
PeMS08,5,node_daily,0.0963592257321577,0.6000000000000001
PeMS08,5,network_daily,-0.0633292325257023,0.6000000000000001
PeMS08,5,node_weekly,0.08915674586023284,0.6000000000000001
PeMS08,5,network_weekly,0.018702223917910644,0.6000000000000001
PeMS08,6,node_daily,0.10115670299097626,0.6000000000000001
PeMS08,6,network_daily,0.037618224414097755,0.6000000000000001
PeMS08,6,node_weekly,0.09944751159652372,0.6000000000000001
PeMS08,6,network_weekly,0.1499152148554641,0.6000000000000001
PeMS08,7,node_daily,0.10511657738530236,0.6000000000000001
PeMS08,7,network_daily,-0.09361019840127728,0.6000000000000001
PeMS08,7,node_weekly,0.101353460902445,0.6000000000000001
PeMS08,7,network_weekly,0.02916329221259939,0.6000000000000001
PeMS08,8,node_daily,0.11167539137652181,0.6000000000000001
PeMS08,8,network_daily,-0.08448507697725474,0.6000000000000001
PeMS08,8,node_weekly,0.10867681528916955,0.6000000000000001
PeMS08,8,network_weekly,0.015539070983553685,0.6000000000000001
PeMS08,9,node_daily,0.11620777040486759,0.6000000000000001
PeMS08,9,network_daily,-0.031460316601165855,0.6000000000000001
PeMS08,9,node_weekly,0.11251908244825158,0.6000000000000001
PeMS08,9,network_weekly,0.0958771777297322,0.6000000000000001
PeMS08,10,node_daily,0.12120856539828567,0.6000000000000001
PeMS08,10,network_daily,-0.04901177000485439,0.6000000000000001
PeMS08,10,node_weekly,0.1101130585491747,0.6000000000000001
PeMS08,10,network_weekly,0.07736523445494868,0.6000000000000001
PeMS08,11,node_daily,0.1264405561183966,0.6000000000000001
PeMS08,11,network_daily,-0.0035013453337809477,0.6000000000000001
PeMS08,11,node_weekly,0.12349310200581111,0.6000000000000001
PeMS08,11,network_weekly,0.10811550604616811,0.6000000000000001
PeMS08,12,node_daily,0.1390371217170671,0.6000000000000001
PeMS08,12,network_daily,-0.05268874449308368,0.6000000000000001
PeMS08,12,node_weekly,0.13808881134187934,0.6000000000000001
PeMS08,12,network_weekly,0.0832231705265285,0.6000000000000001
