dataset,node,mean_residual
PeMS08,0,0.3356539011001587
PeMS08,1,-0.307435005903244
PeMS08,2,3.854990243911743
PeMS08,3,-0.009095778688788414
PeMS08,4,-4.663061618804932
PeMS08,5,0.1898624151945114
PeMS08,6,-3.179685354232788
PeMS08,7,-0.062344107776880264
PeMS08,8,0.8176871538162231
PeMS08,9,-1.2929927110671997
PeMS08,10,-7.165079593658447
PeMS08,11,-0.1431310921907425
PeMS08,12,0.4069913923740387
PeMS08,13,-4.360750675201416
PeMS08,14,-9.109933853149414
PeMS08,15,0.049488868564367294
PeMS08,16,0.38260310888290405
PeMS08,17,0.5179898142814636
PeMS08,18,3.8443000316619873
PeMS08,19,-8.372974395751953
PeMS08,20,-6.059418201446533
PeMS08,21,-3.7327253818511963
PeMS08,22,-2.797804832458496
PeMS08,23,-2.3136541843414307
PeMS08,24,-0.18720930814743042
PeMS08,25,0.17580769956111908
PeMS08,26,-0.12424321472644806
PeMS08,27,2.246837615966797
PeMS08,28,0.41351476311683655
PeMS08,29,-0.5376787185668945
PeMS08,30,-1.5555466413497925
PeMS08,31,0.6669342517852783
PeMS08,32,1.02842116355896
PeMS08,33,0.6250517964363098
PeMS08,34,0.8482547402381897
PeMS08,35,-1.1637229919433594
PeMS08,36,-1.016289472579956
PeMS08,37,1.4083408117294312
PeMS08,38,3.137401819229126
PeMS08,39,-3.1724414825439453
PeMS08,40,-1.2210733890533447
PeMS08,41,-0.21568559110164642
PeMS08,42,1.244762659072876
PeMS08,43,-0.8296708464622498
PeMS08,44,0.591924250125885
PeMS08,45,-0.5828333497047424
PeMS08,46,1.2124191522598267
PeMS08,47,-1.813340187072754
PeMS08,48,0.04578082635998726
PeMS08,49,-3.0807695388793945
PeMS08,50,0.2694121301174164
PeMS08,51,0.24100545048713684
PeMS08,52,-5.166216850280762
PeMS08,53,-1.8301610946655273
PeMS08,54,3.862429141998291
PeMS08,55,0.2247542440891266
PeMS08,56,-12.576308250427246
PeMS08,57,-1.2816072702407837
PeMS08,58,-1.8362661600112915
PeMS08,59,-7.829322814941406
PeMS08,60,0.32657554745674133
PeMS08,61,0.07809792459011078
PeMS08,62,0.38628053665161133
PeMS08,63,-3.6579532623291016
PeMS08,64,2.638240337371826
PeMS08,65,-0.9668436050415039
PeMS08,66,-1.098353385925293
PeMS08,67,-1.952539324760437
PeMS08,68,0.5958953499794006
PeMS08,69,-1.8493142127990723
PeMS08,70,0.2488478273153305
PeMS08,71,0.4535188674926758
PeMS08,72,-0.16453440487384796
PeMS08,73,0.25575947761535645
PeMS08,74,0.24598364531993866
PeMS08,75,0.20804350078105927
PeMS08,76,-0.02127681113779545
PeMS08,77,0.1773678958415985
PeMS08,78,-6.266912937164307
PeMS08,79,-0.05761716887354851
PeMS08,80,0.08279664814472198
PeMS08,81,0.23084530234336853
PeMS08,82,-0.019736208021640778
PeMS08,83,0.18244263529777527
PeMS08,84,0.26657235622406006
PeMS08,85,2.527529716491699
PeMS08,86,1.132570505142212
PeMS08,87,2.9788424968719482
PeMS08,88,3.726966142654419
PeMS08,89,2.2188639640808105
PeMS08,90,0.2542550563812256
PeMS08,91,0.24794694781303406
PeMS08,92,1.3664354085922241
PeMS08,93,0.05970178171992302
PeMS08,94,-0.31896063685417175
PeMS08,95,0.01145466323941946
PeMS08,96,-2.6831274032592773
PeMS08,97,2.5368504524230957
PeMS08,98,0.017985140904784203
PeMS08,99,1.2517049312591553
PeMS08,100,0.11112801730632782
PeMS08,101,1.9905389547348022
PeMS08,102,0.24021275341510773
PeMS08,103,-0.14906330406665802
PeMS08,104,1.4534032344818115
PeMS08,105,0.775148868560791
PeMS08,106,3.2819294929504395
PeMS08,107,0.29557257890701294
PeMS08,108,0.08166000992059708
PeMS08,109,0.3800985813140869
PeMS08,110,0.22417959570884705
PeMS08,111,-0.887537956237793
PeMS08,112,-2.680612564086914
PeMS08,113,-0.8961792588233948
PeMS08,114,0.522383987903595
PeMS08,115,0.2746243476867676
PeMS08,116,1.7388668060302734
PeMS08,117,-0.40803763270378113
PeMS08,118,2.8157055377960205
PeMS08,119,1.5260039567947388
PeMS08,120,1.0095995664596558
PeMS08,121,0.06536455452442169
PeMS08,122,0.04415227100253105
PeMS08,123,0.10103275626897812
PeMS08,124,0.21261930465698242
PeMS08,125,0.04465407505631447
PeMS08,126,13.357145309448242
PeMS08,127,-0.8614069819450378
PeMS08,128,0.20715153217315674
PeMS08,129,0.3394511044025421
PeMS08,130,-1.720853328704834
PeMS08,131,0.22920508682727814
PeMS08,132,0.6769171953201294
PeMS08,133,-3.3609843254089355
PeMS08,134,0.8146477341651917
PeMS08,135,0.92863529920578
PeMS08,136,-4.357869625091553
PeMS08,137,-1.2639210224151611
PeMS08,138,-3.4702744483947754
PeMS08,139,-0.13758815824985504
PeMS08,140,1.8522120714187622
PeMS08,141,0.045911505818367004
PeMS08,142,0.08157161623239517
PeMS08,143,-6.042417049407959
PeMS08,144,2.0283641815185547
PeMS08,145,0.39408066868782043
PeMS08,146,0.572270393371582
PeMS08,147,0.3216822147369385
PeMS08,148,3.591902494430542
PeMS08,149,0.36839622259140015
PeMS08,150,2.0945703983306885
PeMS08,151,0.8396130204200745
PeMS08,152,2.2263481616973877
PeMS08,153,0.2471318393945694
PeMS08,154,4.693511962890625
PeMS08,155,8.080011367797852
PeMS08,156,1.945310115814209
PeMS08,157,1.9371154308319092
PeMS08,158,0.23486165702342987
PeMS08,159,0.25757452845573425
PeMS08,160,-0.589880645275116
PeMS08,161,-0.2604846656322479
PeMS08,162,0.510822057723999
PeMS08,163,-7.7551445960998535
PeMS08,164,-3.500328779220581
PeMS08,165,-1.0108031034469604
PeMS08,166,-0.6262158155441284
PeMS08,167,0.6318075060844421
PeMS08,168,-0.7513890266418457
PeMS08,169,0.528195858001709
