sensor,frozen_val_mae,absolute_bias,residual_variability,lag1_strength,daily_strength,weekly_strength,mean_flow,flow_variability,network_coherence,dataset,frozen_test_mae,cmrr_test_mae,node_only_test_mae,test_mae_gain_percent,node_network_benefit_mae,coherence_tertile
0,26.59441,4.6225924,37.57329,0.24778404972044754,0.05519581203211424,0.11662432310678034,260.7724,141.81152,0.08161508320647184,PeMS04,24.539623,24.511976,24.509518,0.11266277,-0.0024585724,Low
1,23.11738,1.126002,33.116882,0.3417054942199556,0.0659004229180314,0.04448656051858851,207.02481,125.449425,0.07063862812246875,PeMS04,24.65479,24.45846,24.447628,0.79631996,-0.010831833,Low
2,39.4346,1.0778543,55.63545,0.12230758917039725,0.030414527053031357,0.007682552779377405,250.17854,132.92355,0.09464260501364218,PeMS04,40.055035,40.167736,40.16309,-0.2813664,-0.0046463013,Middle
3,12.244027,0.277635,17.880972,0.45136326144076194,0.00990028115276777,0.5722431450196058,200.94049,135.04622,0.06468893991283717,PeMS04,15.392345,14.204472,14.101148,7.7173023,-0.10332394,Low
4,12.9338255,3.0113928,20.1913,0.3122994621859631,0.08598430327547092,0.03300330219990678,112.776405,81.96673,0.061969256676534974,PeMS04,15.339377,15.201508,15.206297,0.8987968,0.0047893524,Low
5,16.834513,0.36259595,23.087463,0.49274045508235514,0.1372631930146473,0.23764733339891783,283.783,110.64777,0.09169221022717894,PeMS04,16.873661,16.476593,16.483843,2.3531823,0.007249832,Middle
6,17.59411,1.873095,27.194921,0.41584181971506656,0.09385698872801075,0.10755018147726918,157.0537,139.73296,0.06196337050827338,PeMS04,15.627104,15.231029,15.23672,2.5345404,0.0056915283,Low
7,13.124885,0.5109826,22.74994,0.322701983972264,0.018902511715874423,0.08740399443655249,120.51375,116.1908,0.07552613271973783,PeMS04,12.49298,12.437183,12.427571,0.4466238,-0.009612083,Low
8,14.347388,2.553253,21.480644,0.33352669827424414,0.09807041323832356,0.11086802478975383,158.82974,93.032166,0.165286542726255,PeMS04,14.408017,14.214746,14.206786,1.3414106,-0.0079603195,High
9,14.65399,3.9805174,20.46938,0.31808122677179274,0.03195395671850195,0.026124482304852658,203.10399,123.573906,0.1442880748892343,PeMS04,15.128548,14.822414,14.79916,2.023547,-0.023254395,High
10,62.36704,33.683636,87.611946,0.5763665353218697,0.17659113014009162,0.18543325078780967,267.91,147.94911,0.07158963743288134,PeMS04,31.051296,30.819818,30.795485,0.74546885,-0.024333954,Low
11,14.917482,2.712986,21.096712,0.1981477565447248,0.08518740446939745,0.14408904701872446,217.18433,145.04744,0.11902420702366884,PeMS04,15.287324,15.006411,15.000419,1.8375574,-0.0059919357,Middle
12,59.50612,26.763262,78.93638,0.42324673938363416,0.16755615113317146,0.22516591249149678,406.2507,184.76207,-0.04086418671184768,PeMS04,51.28985,50.262474,50.17135,2.0030754,-0.09112549,Low
13,13.770049,2.7118723,19.966896,0.504632269802373,0.09810500309225245,0.12429992658777878,139.54637,83.72308,0.07104320540972843,PeMS04,13.318022,13.123639,13.117795,1.4595461,-0.005844116,Low
14,12.659264,2.1827195,19.070301,0.4912334629270559,0.08445273581423075,0.1362896879577742,147.38196,110.8283,0.07763942603148814,PeMS04,11.852383,11.711529,11.706435,1.1884015,-0.0050935745,Low
15,19.52439,2.7699215,30.612701,0.3579562295536807,0.04691339068894787,0.06442384891738659,249.35927,152.81796,0.19539201902732095,PeMS04,19.323484,19.145777,19.124205,0.9196461,-0.021572113,High
16,19.966452,2.83686,27.69869,0.3788683599979539,0.09948816326369876,0.07455024433437578,301.4062,161.53517,0.059184600879154455,PeMS04,19.91002,19.588566,19.589966,1.6145388,0.0013999939,Low
17,20.888887,0.8891594,30.244738,0.4005140879340709,0.06926709054858034,0.04527915157984775,299.2288,147.72234,0.09893355995542824,PeMS04,19.468443,19.407396,19.394829,0.31356695,-0.01256752,Middle
18,35.90654,5.5492687,49.936386,0.3907520276690278,0.04151736531882195,0.13043418944047033,322.71988,154.50877,0.03787165744705092,PeMS04,34.73122,34.454727,34.43816,0.79609376,-0.01656723,Low
19,19.378218,1.4985276,27.972076,0.3534088884660825,0.07756944339816303,0.08889500400420632,323.42535,182.1736,0.11240431646379083,PeMS04,18.262154,18.010424,18.003136,1.3784243,-0.007287979,Middle
20,16.648815,0.6489628,23.451643,0.4353292192230563,0.07316236798859059,0.05204282786133355,182.07498,104.99835,0.0728708198702861,PeMS04,13.802865,13.782027,13.7876425,0.15096709,0.0056152344,Low
21,9.833226,2.6586618,13.30719,0.36379406543729026,0.17456925934918832,0.2671319976333375,110.355675,64.40064,0.08290595348074205,PeMS04,9.380231,9.111407,9.112278,2.8658528,0.00087070465,Low
22,16.087769,6.461685,35.636173,0.6233565197221479,0.3422837498257367,0.21614583476496277,117.712425,80.15208,0.06750977545049178,PeMS04,14.807951,14.433128,14.411098,2.5312254,-0.02203083,Low
23,18.936445,1.2787551,26.204432,0.10816476860577162,0.03614331756189701,0.021122512086731677,134.29633,76.4444,0.08916868956936226,PeMS04,18.698732,18.640991,18.63503,0.3087972,-0.0059604645,Low
24,13.647049,1.8861612,18.968344,0.29182538923864676,0.11649853750858392,0.16071541332462788,211.75862,135.98683,0.09016730748728437,PeMS04,13.440899,13.360174,13.355708,0.60059017,-0.004466057,Middle
25,17.303682,4.5372014,25.234068,0.18082670343212526,0.06748860063594797,0.07806139982140943,232.11255,146.62688,0.09900514361945716,PeMS04,23.63413,22.635933,22.612598,4.2235427,-0.023334503,Middle
26,17.303827,3.1079643,24.054647,0.37508942209682905,0.08468214246392537,0.10027880830433371,260.24075,146.95836,0.07007722866899686,PeMS04,16.654488,16.402294,16.398874,1.5142672,-0.003419876,Low
27,16.576328,2.3795693,25.64965,0.21775704180352295,0.01957349992628619,0.1412079958939102,158.65565,129.27559,0.08742920629652806,PeMS04,14.805965,14.587364,14.580581,1.4764402,-0.0067834854,Low
28,34.301815,0.72918946,48.353313,0.12761363168093656,0.04510270219360749,0.03942002257411612,240.14342,113.98318,0.05797578858730442,PeMS04,32.57703,32.60694,32.61054,-0.09181635,0.0035972595,Low
29,13.848846,1.1591668,19.052425,0.3091385954216153,0.0792663077665978,0.01475477005143075,218.44235,96.4917,0.20492247320850673,PeMS04,15.107448,15.092992,15.084251,0.09568655,-0.008740425,High
30,23.44104,2.9764006,36.00825,0.2075784571483108,0.033860194616371374,0.11858798192216373,209.86804,113.24561,0.016612180381238725,PeMS04,31.087362,31.01602,31.01566,0.22949027,-0.0003604889,Low
31,23.744263,8.14125,31.590406,0.3243146066180769,0.09181829859017974,0.17736020044075748,196.9262,116.18533,0.1322069202790712,PeMS04,20.84304,20.475721,20.46012,1.7623106,-0.015602112,Middle
32,32.70888,3.2921116,48.790848,0.22292559004044576,0.06278571953705343,0.03864438794583323,299.42648,172.83391,0.07325742452622133,PeMS04,29.51766,29.37136,29.362957,0.49563333,-0.008403778,Low
33,22.701796,1.5485097,32.416775,0.11263770809983752,0.0579332346837698,0.050978871890456495,203.68793,124.509514,0.06603551346191684,PeMS04,21.945683,21.981869,21.969532,-0.16488992,-0.012336731,Low
34,16.501865,0.53645015,25.922943,0.44693763691893956,0.10690642900827202,0.11422468451902788,226.37,120.18396,0.08877064030043953,PeMS04,14.938693,14.731169,14.732275,1.389173,0.0011062622,Low
35,17.725012,2.2793334,25.80953,0.38321356212792584,0.13105218271684296,0.20747044211133903,288.6491,188.32916,0.11477606677611134,PeMS04,17.258116,16.959503,16.957005,1.7302735,-0.0024986267,Middle
36,17.724731,1.3690659,26.324064,0.3483366852388663,0.14526729561900145,0.14634131255640034,253.09824,172.10558,0.11146070009578356,PeMS04,16.762506,16.38657,16.384653,2.2427225,-0.0019168854,Middle
37,17.401327,2.8089654,26.183268,0.4147381349627503,0.01252903931107151,0.017769564636789262,266.92136,163.77742,0.15019559134141816,PeMS04,16.150423,15.886216,15.87001,1.6359131,-0.016205788,High
38,14.024742,2.7852223,19.780283,0.29470469542235506,0.09650922104767902,0.11861541876952196,205.11282,134.10834,0.13849270787876175,PeMS04,13.38261,13.233171,13.230158,1.1166645,-0.0030136108,Middle
39,22.343687,5.7672477,30.721228,0.4525823105196653,0.029309183971804095,0.05341461458753702,211.92227,97.11676,0.08853211902283313,PeMS04,44.311287,38.858646,38.508472,12.305308,-0.35017395,Low
40,17.727972,1.7939042,24.994719,0.4047566154226352,0.04248719277106069,0.12873614410314607,252.68477,149.27638,0.1486206718326627,PeMS04,16.71653,16.50044,16.496204,1.2926681,-0.0042362213,High
41,34.764977,3.7266963,47.07767,0.5545706161052354,0.0748976836947031,0.013903582343244117,503.02545,198.70204,0.07441533123747969,PeMS04,32.869484,32.56042,32.54368,0.9402732,-0.016742706,Low
42,23.02183,1.8114675,33.957333,0.3482095598629183,0.03262882562169261,0.08205634500225491,320.85785,154.05855,0.1113372956521025,PeMS04,27.242313,27.08527,27.078506,0.5764689,-0.0067634583,Middle
43,32.05115,2.645525,43.28,0.19492002990404025,0.03758640907698398,0.11630228383183662,320.6531,173.31187,0.11026880243939209,PeMS04,30.986525,30.878325,30.88824,0.34918427,0.009916306,Middle
44,12.321622,1.6292795,16.44016,0.20135612350913767,0.11824366554281836,0.08012376137273529,90.56389,61.73408,0.03513301510634542,PeMS04,11.851042,11.825774,11.816259,0.21320996,-0.009514809,Low
45,24.049603,0.66576093,35.59082,0.4024945836849871,0.07364384872042767,0.04140714396302691,341.3285,160.10327,0.11090334873566791,PeMS04,23.392227,23.2433,23.257637,0.6366546,0.01433754,Middle
46,11.938227,1.0654948,18.03822,0.33878376427930434,0.09328786117173266,0.12151380230193672,100.11332,75.91749,0.11451020200359291,PeMS04,10.365649,10.30814,10.3007555,0.5548077,-0.0073843,Middle
47,12.345978,4.2664742,17.045046,0.23332714180906156,0.1759397491938759,0.25216723191696727,167.77727,125.81531,0.07277643666705573,PeMS04,13.114975,12.823904,12.810462,2.2193785,-0.0134420395,Low
48,16.00521,3.0279148,22.555273,0.20952019692108612,0.08438490972665101,0.12293731573320871,284.30405,164.66211,0.15096648033398577,PeMS04,17.316399,17.052105,17.053349,1.5262623,0.0012435913,High
49,11.826563,3.420447,17.514742,0.4269864748611418,0.040294653633352155,0.019937620508909328,138.8324,68.56533,0.13331211239342305,PeMS04,11.822992,11.472382,11.435315,2.9654992,-0.03706646,Middle
50,19.467642,5.47074,27.353811,0.5904972341557564,0.012518436330352982,0.10914482029312135,166.29074,99.86417,0.0768423837283345,PeMS04,17.972086,17.598806,17.5822,2.0769963,-0.016607285,Low
51,18.173143,3.948035,24.161362,0.3544141035410953,0.18219204691992463,0.21570973137638516,295.53412,152.98128,0.1049291146485891,PeMS04,17.720938,17.208,17.211195,2.8945282,0.003194809,Middle
52,23.404768,0.6165677,35.3512,0.29171540206659186,0.007844018645408206,0.15483602363305102,239.67828,123.51319,0.23214595198314467,PeMS04,23.54561,23.596066,23.597044,-0.21428663,0.0009784698,High
53,22.903421,0.73132354,31.887733,0.41116327477505155,0.08237042923102118,0.12393480321572181,314.30255,123.36908,0.15767711727595177,PeMS04,22.827988,22.74151,22.75057,0.3788213,0.009059906,High
54,13.223378,0.9003752,19.662165,0.35070443062067275,0.10407306438287749,0.20485547360293133,165.73946,122.2436,0.12811675217909815,PeMS04,12.703575,12.500779,12.488685,1.5963694,-0.012094498,Middle
55,38.902473,2.4971082,55.193954,0.08046021074958895,0.007270874541129076,0.023575815485310795,243.70929,127.09614,0.061276731904272824,PeMS04,37.604572,37.471916,37.467094,0.35276586,-0.0048217773,Low
56,19.082718,1.1945933,26.664865,0.24677088756846374,0.07602170826414376,0.11287463935383268,343.58658,169.23853,0.10784160371386187,PeMS04,19.322186,19.193933,19.198765,0.6637553,0.004831314,Middle
57,56.004284,1.550023,76.47787,0.1656534531612849,0.035629474654816036,0.10867909231423217,393.12213,185.24483,0.0685473741512816,PeMS04,54.340466,53.937313,53.91603,0.74190104,-0.021282196,Low
58,31.179852,1.5282294,49.45119,0.47935733143738846,0.016604943529767074,0.03196500261606885,441.9791,186.70062,0.1166467708713188,PeMS04,25.23248,25.203089,25.191912,0.11647819,-0.011177063,Middle
59,15.327903,0.8281024,22.111551,0.3472158308335711,0.0965566294730672,0.1963855958143017,256.25162,158.67183,0.134614272391529,PeMS04,16.07195,15.981649,15.984357,0.5618578,0.0027074814,Middle
60,6.901248,1.1868848,10.088836,0.282235213274838,0.11561840033020503,0.1813393571666099,50.929386,37.55939,0.12600196638555114,PeMS04,6.881846,6.725691,6.718526,2.2690876,-0.007164955,Middle
61,20.847225,1.4361185,33.10495,0.5011662736873072,0.07243964863301879,0.07005676941655549,316.21674,170.28859,0.08380384370215728,PeMS04,18.176817,17.963037,17.957172,1.1761105,-0.005865097,Low
62,13.1692505,2.798939,18.050867,0.23813877354563165,0.0420114134875619,0.08753533104048135,136.75243,79.35122,0.09031381140162387,PeMS04,13.4108305,13.238122,13.225872,1.2878286,-0.012249947,Middle
63,19.149836,1.745551,26.841776,0.4002669198323878,0.03328737992337195,0.028223469248599697,305.6275,163.45023,0.1045794644247532,PeMS04,19.38155,19.217215,19.216545,0.8478953,-0.00066947937,Middle
64,17.857208,2.5178874,31.00958,0.392616978750989,0.021603228195975765,0.056070526884302925,207.11436,124.292694,0.10962594045432777,PeMS04,18.0015,17.657888,17.64475,1.9087898,-0.013137817,Middle
65,21.76812,9.665558,29.556387,0.5834225833964967,0.37803290076911744,0.014278462168523283,248.23105,146.77559,0.18985455795580908,PeMS04,17.79394,17.73852,17.730997,0.3114539,-0.007522583,High
66,12.455612,2.6220322,17.091022,0.21812466817280088,0.06340797967794788,0.0197862479564756,201.8527,139.27405,0.14712176549023845,PeMS04,12.503004,12.327231,12.3224535,1.4058435,-0.0047779083,High
67,19.25058,0.7739393,27.19752,0.37960737261737026,0.10801590868868545,0.08911346522607667,337.73386,134.88095,0.1934338398860759,PeMS04,17.979534,17.899273,17.89651,0.4464033,-0.0027637482,High
68,10.472356,1.1155816,14.120296,0.2799710129283769,0.03741923797711078,0.018915069175357267,95.44463,35.095093,0.07572800244626031,PeMS04,10.786565,10.787758,10.777956,-0.011060487,-0.009801865,Low
69,23.65501,1.2017868,34.36336,0.40211613188073336,0.04948971054614099,0.04794565174735774,436.5363,178.57771,0.2090451468398591,PeMS04,25.605066,25.452187,25.447382,0.59706825,-0.004804611,High
70,17.93475,1.8014013,23.829782,0.46511311475699896,0.11245259304906897,0.1987752893379986,139.01291,63.591618,0.1127785638334649,PeMS04,20.062548,18.086897,17.815418,9.847457,-0.27147865,Middle
71,18.487381,2.696306,26.073212,0.31948747042340647,0.047338167090458794,0.04442425221507577,289.89554,178.89726,0.22919107814965398,PeMS04,18.382746,18.039726,18.027662,1.8659861,-0.01206398,High
72,30.744871,3.940588,45.179928,0.6665223247673943,0.11038889834697535,0.10689194711120587,331.14694,133.81252,0.06257405003421698,PeMS04,27.060848,26.817595,26.805481,0.89891386,-0.012113571,Low
73,16.727451,1.13195,23.128805,0.31635306390334234,0.09876587335453063,0.1330829300507217,258.0448,157.19208,0.11456436364084344,PeMS04,17.105642,16.876104,16.874798,1.3418845,-0.0013065338,Middle
74,18.007647,2.2970645,23.3703,0.1441365298453635,0.03257025247688506,0.08226218176110876,139.26027,60.77519,0.11294641309940028,PeMS04,19.349594,19.13715,19.131514,1.0979264,-0.005636215,Middle
75,24.711962,0.73479205,37.036037,0.27255818823657807,0.042444871448522825,0.17291403707940792,315.16766,194.1038,0.17976952119583112,PeMS04,24.040213,23.887913,23.87918,0.6335214,-0.008731842,High
76,18.910051,4.330892,29.035957,0.38870652647912446,0.05912219838923405,0.09910148274020825,306.78452,188.90845,0.08262177320945166,PeMS04,20.923004,20.664501,20.67334,1.2354964,0.008838654,Low
77,18.892395,1.8215159,28.81392,0.3341046170767569,0.017993381816796376,0.18773711719317368,281.65054,130.9085,0.30460522252529815,PeMS04,20.59811,20.495655,20.494133,0.49740067,-0.0015220642,High
78,22.336163,2.6352832,32.573826,0.482324011062657,0.13018733003502622,0.18320796738862402,321.0814,199.88603,0.1553476494922639,PeMS04,20.216272,19.646069,19.63131,2.820519,-0.014759064,High
79,43.677845,1.8097352,60.926712,0.1295831680906724,0.005691120708262124,0.007028916478055449,358.67395,161.11961,0.07997750992543305,PeMS04,44.611427,44.710907,44.70995,-0.22299147,-0.000957489,Low
80,27.75104,5.593033,39.089645,0.2862405474013115,0.11771999299831937,0.1331838830655668,265.94592,120.354,0.03828740640416134,PeMS04,26.374659,26.077297,26.067059,1.1274511,-0.010238647,Low
81,27.742937,3.0341127,38.971447,0.1466069077405039,0.09451430989812738,0.10954043066891776,343.8707,159.03426,0.11735150009513899,PeMS04,27.55216,27.592703,27.591028,-0.14714855,-0.0016746521,Middle
82,38.58745,1.1147951,55.329987,0.6317599075893304,0.08386625587933556,0.11314698576527292,408.27948,157.01796,0.06346035845781793,PeMS04,34.50739,34.565468,34.5654,-0.1683082,-6.866455e-05,Low
83,12.832193,0.5985228,18.911877,0.25452965386223775,0.030509145610270877,0.11211933278196413,92.45772,72.783905,0.1140789625103855,PeMS04,12.696338,12.653222,12.654528,0.33959097,0.0013055801,Middle
84,21.335604,0.8890207,30.02301,0.2077609208143305,0.02744557144415336,0.08978645871657549,273.45886,160.08784,0.16467545380024226,PeMS04,20.7533,20.686903,20.668472,0.3199333,-0.01843071,High
85,24.313227,1.6023383,35.556118,0.4055405952747755,0.013718556247601764,0.07697391405342098,257.6091,130.08618,0.17935687745343998,PeMS04,18.214588,18.03821,18.039625,0.9683351,0.0014152527,High
86,7.2105713,1.0584409,10.283799,0.47697137045423355,0.11532579323111791,0.16170790172514696,119.18909,54.590183,0.19911555531572533,PeMS04,6.865801,6.774521,6.7733245,1.3294878,-0.0011963844,High
87,12.90297,2.8280525,24.201391,0.6727667114127357,0.17486846909157283,0.087638924252603,111.07106,55.872314,0.06555833312842207,PeMS04,12.473726,12.330507,12.325054,1.1481652,-0.0054531097,Low
88,43.213654,6.944048,63.97345,0.1820052542906381,0.05235362415177915,0.026016570431363018,241.98476,157.86275,0.02242568649776125,PeMS04,37.406162,37.20292,37.187897,0.54334164,-0.015022278,Low
89,12.401771,0.3283376,16.707333,0.18220800535535916,0.011972121772500864,0.07796980884233384,155.54228,66.926636,0.06005019253856025,PeMS04,12.288913,12.266613,12.258015,0.18146248,-0.008598328,Low
90,30.43233,3.5160904,42.618458,0.0998050513192053,0.0179382023771593,0.08404631175855198,272.92798,147.10754,0.08165430378498935,PeMS04,31.362997,31.087189,31.087652,0.8794068,0.00046348572,Low
91,38.279232,1.6202073,54.98822,0.12184635049411345,0.027243715621213287,0.03271693595569163,322.25604,174.1469,0.07908277228230051,PeMS04,37.942635,37.8328,37.829292,0.28947058,-0.0035095215,Low
92,30.058437,10.002594,43.60364,0.43657590370060695,0.10843693275930712,0.06329328950800152,350.26443,188.77596,0.12922778577718813,PeMS04,28.938196,28.47816,28.484667,1.5897167,0.006505966,Middle
93,14.865217,3.6820097,19.490635,0.13014900274681193,0.0076930360558062,0.011032686422105135,155.63176,86.9877,0.13832058445397402,PeMS04,16.652859,16.604103,16.602247,0.29277644,-0.0018558502,Middle
94,19.530443,5.2563324,26.983068,0.2336601766400563,0.09919670982125305,0.07390641382733788,301.4288,178.50435,0.11310450494109812,PeMS04,20.273697,19.85919,19.84593,2.0445552,-0.013259888,Middle
95,41.42202,8.5733185,58.897247,0.3259261351841942,0.018321081742631525,0.0950133285207571,344.70822,169.09947,0.1083412706982107,PeMS04,37.769512,37.513557,37.51686,0.67767555,0.0033035278,Middle
96,47.5396,2.6341505,65.04549,0.08755044616328463,0.02711493095261125,0.0819925653969205,320.08527,140.90587,0.10333975290575366,PeMS04,46.018265,46.11151,46.11534,-0.20262924,0.003829956,Middle
97,41.74491,2.622797,62.764465,0.5381554779558518,0.04165495499698451,0.11527857205647847,490.17358,229.78691,0.13959969373684816,PeMS04,35.107708,34.817627,34.832737,0.8262602,0.015110016,Middle
98,12.467706,1.0073146,18.163229,0.3085228553109666,0.04308020553769392,0.1068360785603032,127.41259,78.5208,0.1529504877534,PeMS04,12.15962,11.946424,11.942072,1.7533175,-0.004351616,High
99,29.68567,0.6770238,41.067432,0.2948164312047082,0.024164769396897424,0.03705887663992773,267.33093,103.57131,0.14577621486873257,PeMS04,31.274508,31.282732,31.280682,-0.026297735,-0.0020503998,High
100,26.920519,10.722646,66.86715,0.7164389112146884,0.04874475033129746,0.04552497732488133,264.36185,163.31216,0.0929885017378818,PeMS04,19.68902,19.30865,19.299656,1.9318944,-0.008993149,Middle
101,29.593864,6.681917,39.741142,0.41894834664336317,0.0605639691580118,0.025254534712727764,429.17938,210.9521,0.17184735630569792,PeMS04,30.66669,30.65899,30.644053,0.025108567,-0.0149383545,High
102,16.304993,2.1643498,25.156168,0.38824615714218824,0.07102574356862089,0.1113823307900083,202.25537,117.22732,0.14542681629268125,PeMS04,17.457129,17.297127,17.291115,0.9165411,-0.006011963,High
103,19.25829,3.4102123,27.418236,0.37959226778902,0.04206990675908501,0.15719594736495632,288.326,131.1588,0.20336209183554352,PeMS04,19.416302,19.056488,19.028004,1.8531525,-0.028484344,High
104,12.85823,1.9701673,18.354073,0.3282943718735257,0.061621737439943654,0.1017866183347883,138.85283,88.01611,0.17541992399186956,PeMS04,12.568425,12.303029,12.289306,2.11161,-0.013723373,High
105,13.272733,4.8997474,16.931952,0.4177431097495056,0.1815973932355187,0.2295903548100139,153.73878,102.431145,0.1355040383438912,PeMS04,13.776164,12.525525,12.474911,9.078281,-0.050614357,Middle
106,50.922676,1.1008877,68.00078,0.17590471919951697,0.03474764430153751,0.041964529693763776,328.59622,159.1238,0.11902895965108849,PeMS04,48.945114,48.316933,48.300568,1.2834406,-0.016365051,Middle
107,10.243988,1.6128675,13.69037,0.041377235622158386,0.007454122364046595,0.09946858420046605,70.21705,41.54302,0.07196107693811693,PeMS04,11.235441,11.121258,11.108791,1.016279,-0.012466431,Low
108,21.799726,3.0837164,30.767706,0.3224299547306609,0.06922057298642124,0.12167952936755226,471.22064,257.92297,0.19395934514108518,PeMS04,22.208252,22.103977,22.102507,0.46953154,-0.0014705658,High
109,22.630213,2.8170204,32.640793,0.35182262338734954,0.05925837615464278,0.14885110485798234,342.9774,190.43727,0.24241344192963302,PeMS04,24.1469,23.962208,23.962997,0.7648699,0.00078964233,High
110,19.433523,1.571353,27.307863,0.30263129298613894,0.016055235552064964,0.10645227408777279,346.92087,206.25496,0.2012813439149098,PeMS04,20.27221,19.68229,19.651419,2.909994,-0.030870438,High
111,24.938198,2.1321256,35.814598,0.3995783052642805,0.12835407964515327,0.18280810253573607,465.29532,212.76367,0.20527766972001063,PeMS04,26.596289,26.352823,26.355532,0.9154113,0.002708435,High
112,8.973102,0.6968114,12.040088,0.3068979597557439,0.10682820012546355,0.1794268919623514,116.975204,65.93996,0.1737399323140512,PeMS04,9.209481,9.080192,9.082442,1.4038752,0.0022506714,High
113,13.959001,1.2648193,21.072275,0.4198948375435609,0.033774565479022724,0.10235813284209377,137.16818,49.042973,0.08373313633512047,PeMS04,13.051476,12.607934,12.603467,3.3984015,-0.0044670105,Low
114,17.918472,1.9912342,28.188345,0.36736980029178506,0.07373779974989594,0.11159026255580491,240.89153,138.74388,0.16628782869578304,PeMS04,17.55287,17.368992,17.369183,1.0475663,0.00019073486,High
115,12.801642,2.6812458,18.08595,0.3077062901106085,0.11040318963202234,0.17853972242639424,172.00865,139.45076,0.15383883243430468,PeMS04,12.081078,11.88606,11.875768,1.6142418,-0.010292053,High
116,13.381942,1.6641153,20.551403,0.42062475877154704,0.1427201249029366,0.21084226722861074,154.46703,123.091484,0.11798143694198406,PeMS04,11.881531,11.736046,11.740219,1.2244627,0.004173279,Middle
117,35.36807,2.5507338,52.408997,0.21639104992570315,0.05411538765897821,0.08012877825786317,245.58514,146.17474,0.11647293921651582,PeMS04,33.914787,33.655464,33.66291,0.76463145,0.007446289,Middle
118,41.61655,1.7315136,56.67572,0.13690232253858828,0.0316417517031057,0.03425763783396905,290.04837,143.61815,0.1151272256627814,PeMS04,41.356007,41.034866,41.024162,0.77652633,-0.0107040405,Middle
119,23.36434,0.6461011,34.11112,0.4394401751239962,0.068715182788892,0.13732109604059137,395.29318,215.42116,0.1790241045961992,PeMS04,21.433683,21.201803,21.19162,1.0818495,-0.010183334,High
120,26.601868,0.71452,40.128757,0.5179997863031501,0.043385363300374846,0.10254087905627036,399.45718,202.73341,0.13681726854880535,PeMS04,23.97638,23.601526,23.584576,1.5634267,-0.016950607,Middle
121,21.937784,0.8584756,33.79354,0.5309268781150549,0.011215225508254533,0.16302122708552133,301.63455,177.59187,0.15541328842634072,PeMS04,21.229967,20.657673,20.631804,2.6956906,-0.02586937,High
122,22.823166,4.894074,33.097492,0.4315280207745695,0.08988770164519082,0.04007270114488398,325.8748,179.4543,0.15717676091201602,PeMS04,21.885572,21.425081,21.40208,2.1040857,-0.023000717,High
123,21.19216,0.5844999,34.923267,0.5304588259399631,0.004436868061807225,0.08152614504878562,309.36987,187.67096,0.18019367146781695,PeMS04,17.989264,17.75336,17.739635,1.3113532,-0.013725281,High
124,19.91987,1.1141914,28.559364,0.34591494088647806,0.015594568796812014,0.12064214544288103,351.37958,139.03735,0.07610891973449088,PeMS04,19.888212,19.69987,19.697224,0.94700843,-0.0026454926,Low
125,20.93256,3.0066633,29.291056,0.5301980812886123,0.12238239964061315,0.027511078466038088,286.3833,142.13936,0.1102172123990397,PeMS04,16.304935,16.389267,16.387314,-0.51721466,-0.001953125,Middle
126,14.772928,6.6613793,19.670078,0.558642879324573,0.2088880525660999,0.02686574142076481,136.96358,85.14513,0.014841644925728065,PeMS04,14.223934,13.807103,13.794069,2.9304903,-0.013033867,Low
127,25.19386,2.81481,34.21861,0.3488489993635517,0.11081846353218122,0.07974527210123179,303.67184,149.93306,0.16257739910630373,PeMS04,23.892641,23.619957,23.61124,1.141289,-0.008716583,High
128,11.83901,4.391977,15.18261,0.37487606797997763,0.13218732332640107,0.20063337060114114,81.03257,35.434307,0.10157770403456899,PeMS04,12.136766,11.534027,11.496634,4.9662266,-0.03739357,Middle
129,7.130852,0.6025212,9.757518,0.018062064680890454,0.03934572773848209,0.007743404798723603,79.246414,30.249664,0.03386338333027133,PeMS04,7.9958167,8.002041,7.9985013,-0.077842645,-0.0035395622,Low
130,8.391264,1.1576067,11.424504,0.0618385456173694,0.008944981958145179,0.041132723939511964,62.382732,37.356068,0.061771946282076724,PeMS04,8.490276,8.41337,8.406943,0.90581506,-0.006426811,Low
131,7.9438214,0.9716089,10.911877,0.25846643257325824,0.028978687829641293,0.11501017095597338,65.230064,37.06116,0.09066380594720186,PeMS04,8.06054,7.9659286,7.955465,1.173763,-0.010463715,Middle
132,8.979341,1.3741442,12.141244,0.023951519553931447,0.017011147197327582,0.07080729247006623,60.800888,34.92371,0.08671685225754618,PeMS04,9.5181465,9.47107,9.453,0.49459445,-0.018070221,Low
133,11.266125,1.1271353,15.084268,0.08803770839418129,0.0650305912005432,0.11112572363288985,124.41809,71.73663,0.11071097796279512,PeMS04,11.355307,11.189915,11.191141,1.4565166,0.0012264252,Middle
134,16.166494,2.180218,22.192938,0.09370500708195213,0.06001692594169894,0.03257374274586399,147.47977,77.60344,0.0835419815832535,PeMS04,16.267534,16.222097,16.21967,0.27931005,-0.0024280548,Low
135,14.283293,0.6428582,20.08914,0.29264615488130924,0.15454642386768958,0.2092616216617217,223.80171,151.29338,0.11228881403830841,PeMS04,14.069715,13.929689,13.932395,0.99522376,0.002705574,Middle
136,37.14387,4.1472106,50.630848,0.08814184333804835,0.04394902333752656,0.015129249794042657,262.97482,138.87831,0.08056064476973612,PeMS04,36.813213,36.5911,36.561604,0.6033555,-0.02949524,Low
137,33.543694,3.9427383,49.2289,0.5080703480062877,0.11410025272385715,0.09618956943915684,295.4986,180.57947,0.03253442227723666,PeMS04,42.925243,39.096855,38.944023,8.918734,-0.15283203,Low
138,11.952289,1.1635507,16.40996,0.20114499266305233,0.07302635896125821,0.11507852177361803,187.99948,65.04049,0.2140570306010167,PeMS04,13.014872,12.903827,12.891598,0.85321534,-0.012228966,High
139,15.912989,2.6859522,20.575298,0.14437569417794544,0.08326193680673098,0.15327624005269147,165.74251,78.914375,0.08976439392985729,PeMS04,15.718878,15.312798,15.301346,2.5833921,-0.011451721,Low
140,13.578541,2.2474003,19.581789,0.311981684139604,0.12383930736966621,0.22438607422511794,195.73753,122.50705,0.14116864296172868,PeMS04,14.267539,14.066538,14.046499,1.4088006,-0.020038605,High
141,19.64965,6.159208,27.408018,0.43433409384777466,0.09213802805201919,0.1751177309417952,273.9425,159.114,0.07678803946951433,PeMS04,18.018965,17.393976,17.367006,3.4685042,-0.02696991,Low
142,24.094387,1.3144507,35.195522,0.32501234200200324,0.08372765738440564,0.05840693957331718,396.73593,186.28835,0.18721090813555075,PeMS04,24.208912,24.16493,24.153322,0.18167505,-0.011608124,High
143,11.90175,1.0016209,16.46927,0.34598166296168725,0.04887032384198805,0.01380407022065905,186.97202,71.83028,0.1376882707480513,PeMS04,12.721847,12.66218,12.659877,0.46900922,-0.0023031235,Middle
144,1.7141595,0.35641208,2.5673125,0.16855849363250222,0.03915710547828188,0.968757153059833,121.33287,69.86683,0.43109110299713344,PeMS04,1.7563509,1.5031428,1.5193478,14.416712,0.016204953,High
145,7.0114274,0.44400916,9.340713,0.12711837484088992,0.10165619535113563,0.11057302306172155,92.9204,34.19698,0.02116200223338761,PeMS04,8.049527,8.024825,8.016954,0.30687606,-0.007870674,Low
146,23.875679,0.5016098,31.44068,0.1853932091172459,0.046292621417746226,0.005387227532310979,405.38266,162.03346,0.1296693944238805,PeMS04,26.173841,26.283405,26.282207,-0.4186005,-0.0011978149,Middle
147,14.901549,0.8658953,20.07337,0.16999184737627085,0.04362038276282374,0.07060710496278046,182.04832,74.31907,0.10187456404576745,PeMS04,17.284512,17.31436,17.316254,-0.17268696,0.0018939972,Middle
148,9.608985,0.488132,21.036104,0.6515427737722592,0.1258220659420393,0.043711216435235754,142.30241,100.15292,-0.03338963386979616,PeMS04,2.6086848,2.3180757,2.3426337,11.140063,0.024558067,Low
149,2.4086785,0.30969733,3.7934713,0.15423108979084163,0.043365043196063345,0.9771286920584593,181.99948,104.77615,0.4236416948577615,PeMS04,2.496423,2.138953,2.1671534,14.319288,0.028200388,High
150,2.3977683,0.3092348,3.7786906,0.1611115931083232,0.043576184038155004,0.9772274157347693,181.99948,104.77615,0.42466913164062836,PeMS04,2.476009,2.12875,2.1547675,14.024941,0.026017427,High
151,23.270678,3.0627797,34.287285,0.4739708767318456,0.018452417799423023,0.06426971391343532,262.49567,111.78797,0.11152124219991838,PeMS04,24.72144,24.394478,24.399595,1.3225828,0.0051174164,Middle
152,22.882248,2.1212199,36.811626,0.5837618301217308,0.09343916982653334,0.1190992840785728,172.62021,77.59794,0.04786429080734731,PeMS04,20.617128,20.106905,20.10244,2.4747548,-0.004465103,Low
153,4.1169095,0.52070904,6.6178613,0.1225754934357222,0.03351717624008036,0.9759407467836576,303.27997,174.63011,0.3942140025606504,PeMS04,4.2478642,3.7239406,3.7618706,12.333814,0.03793001,High
154,20.825338,3.2120721,27.499971,0.28273698052574653,0.08488532868103099,0.07528060940646979,354.07748,144.91013,0.07270636231569412,PeMS04,19.942724,19.752918,19.75548,0.9517555,0.0025615692,Low
155,8.181907,0.567938,11.117965,0.20154089938051248,0.04428913735675912,0.05553106389960941,99.37466,37.69813,0.06945076099615251,PeMS04,10.560885,10.528991,10.520238,0.30200768,-0.008752823,Low
156,8.98079,1.6304717,12.778399,0.3243035254471915,0.05949465315366495,0.0615232839579404,103.76068,47.886566,0.07848082150548352,PeMS04,10.18975,9.846226,9.806645,3.37127,-0.039580345,Low
157,9.707029,1.7630733,13.134483,0.09707119635778762,0.06702455682163098,0.10221115330807773,124.0437,54.485523,0.14513310395033588,PeMS04,10.745178,10.778132,10.781416,-0.3066884,0.0032835007,High
158,9.7618475,1.4340448,12.867007,0.10232519316168244,0.041759874166004546,0.13477240662320236,167.05959,66.65357,0.10952622685598179,PeMS04,12.034514,12.015384,12.000929,0.15896533,-0.014454842,Middle
159,16.78231,2.8241224,23.011564,0.26260459082634785,0.06805470076828367,0.08988780621649582,308.35648,129.32404,0.07734850000273677,PeMS04,18.3048,18.129328,18.124258,0.95861334,-0.0050697327,Low
160,14.750259,1.4243942,19.814573,0.25112425809622557,0.07046248041719456,0.061307231203333555,240.5164,109.3258,0.04701972562972264,PeMS04,14.924335,14.658749,14.67219,1.7795494,0.013441086,Low
161,14.208381,0.2435806,19.896921,0.3531170112891504,0.023344577588414003,0.11514055706618176,191.60799,94.72451,0.026038143299822788,PeMS04,15.174936,15.276571,15.279723,-0.6697556,0.0031518936,Low
162,16.96526,1.5470248,24.736282,0.4725701762866723,0.1321735121290836,0.1545967848131465,269.50998,128.95212,0.0560213112577732,PeMS04,17.867586,17.629738,17.6301,1.3311719,0.00036239624,Low
163,18.357557,2.66382,29.938622,0.5661088029885646,0.08930180766860403,0.1449152788628902,281.71136,127.04775,0.09905069412479699,PeMS04,15.4686575,15.485564,15.4890785,-0.10929674,0.0035142899,Middle
164,6.8784714,1.1809727,10.686475,0.6113660110454234,0.28456416888295727,0.9859414685240299,242.66252,139.67603,0.28050706514028007,PeMS04,7.423612,6.285435,6.3299637,15.331847,0.044528484,High
165,11.714778,1.9353095,16.412928,0.10361938115752221,0.035403799589011686,0.08817861356243072,127.651146,79.36231,0.1490315888023945,PeMS04,13.637183,13.581249,13.584254,0.41015768,0.0030050278,High
166,13.695153,1.5481464,19.515678,0.48633502838861814,0.01674555384915897,0.03723882665370605,174.8484,77.93705,0.012001297931403629,PeMS04,15.019535,14.873456,14.86534,0.9725938,-0.008115768,Low
167,15.781597,1.4411846,21.830725,0.15923339008390971,0.03671082582692318,0.08862907119302511,220.14583,83.99574,0.07273844166519243,PeMS04,21.414919,21.421679,21.424753,-0.031565115,0.003074646,Low
168,17.452467,1.6810441,24.548304,0.30781466075345953,0.008261678165663032,0.023850555342903843,252.11783,104.36435,0.08887847953504792,PeMS04,17.745443,17.603937,17.61213,0.7974227,0.008192062,Low
169,3.0996914,0.34094322,5.0298257,0.19050855973503544,0.05312322258341975,0.9780209270094478,242.66252,139.67603,0.4188558282557731,PeMS04,3.1865883,2.767826,2.8014584,13.1413965,0.03363228,High
170,3.0952375,0.32620683,5.0272183,0.19117073578168334,0.05262929254104523,0.9778435873832404,242.66252,139.67603,0.42134254216889655,PeMS04,3.1779594,2.7736843,2.8076756,12.721219,0.033991337,High
171,16.323975,1.5270048,23.027956,0.12031614366541632,0.10801955304604034,0.04405501159488901,177.38809,91.36853,0.09771622411297952,PeMS04,16.703543,16.653193,16.65148,0.3014342,-0.0017127991,Middle
172,1.6902221,0.3021077,2.55458,0.1750351532058431,0.03545347863165709,0.9686635364095834,121.33287,69.86683,0.4317292765315393,PeMS04,1.7444205,1.4920471,1.5081947,14.467467,0.016147614,High
173,31.441116,1.0926614,45.527775,0.18725570719750828,0.09562546021759111,0.06772100966600496,322.9715,164.98196,0.0809493356706692,PeMS04,32.022026,31.90751,31.91193,0.3576142,0.004419327,Low
174,12.920733,0.5664318,18.093452,0.267025678802187,0.09659257217946893,0.1957787661249842,220.57202,108.148766,0.08315955667354401,PeMS04,15.000272,14.902536,14.909181,0.65155756,0.006644249,Low
175,19.80952,1.8357245,29.880796,0.46144215851760007,0.05290250733111315,0.09548092461508412,243.52762,138.42897,0.08331046264027635,PeMS04,16.856804,16.7798,16.770323,0.4568095,-0.009477615,Low
176,4.1879044,0.3891321,6.667955,0.11365492365904156,0.03185126289401947,0.9751513904020482,303.27997,174.63011,0.4026707337355209,PeMS04,4.2840347,3.7496805,3.7861834,12.473153,0.036502838,High
177,3.088159,0.32090515,5.0247173,0.19316091099906865,0.05409517630518936,0.9777663206838313,242.66252,139.67603,0.422548734168551,PeMS04,3.1831517,2.776616,2.809756,12.7714815,0.033139944,High
178,4.200409,0.34617856,6.437589,0.22581445323767677,0.1826094352162705,0.987505147286199,242.66252,139.67603,0.3497533441244187,PeMS04,4.275003,3.6259007,3.664375,15.183666,0.03847432,High
179,3.1193461,0.31821513,5.047438,0.18205794285242327,0.047078418454091,0.9779816035074389,242.66252,139.67603,0.4186124152523398,PeMS04,3.207355,2.798019,2.8336937,12.762419,0.03567481,High
180,1.7057662,0.37214887,2.5599773,0.17397641323135918,0.03877894935379817,0.968823924098094,121.33287,69.86683,0.4337178498090688,PeMS04,1.748212,1.4979007,1.5129735,14.31813,0.015072823,High
181,1.730561,0.45986882,2.5715716,0.16658498820503362,0.03950246813967347,0.968830429172236,121.33287,69.86683,0.43006925036905924,PeMS04,1.7566082,1.5070522,1.5260235,14.2067,0.018971324,High
182,10.213996,0.7169778,14.032184,0.12527666413628402,0.0454907072906072,0.014561421368773553,129.6017,51.000977,0.11804117134779137,PeMS04,10.5460415,10.519545,10.513154,0.2512496,-0.0063905716,Middle
183,1.7029433,0.33997062,2.55924,0.1734354502281551,0.03739467805109079,0.9686402671788946,121.33287,69.86683,0.43327081060181505,PeMS04,1.7520101,1.5007421,1.5157142,14.3417,0.014972091,High
184,6.9565396,1.0543188,12.995315,0.4372665021243481,0.2849614346799793,0.06779251586404952,129.86908,67.99243,0.13573477644054202,PeMS04,14.510946,13.61656,13.62314,6.1635284,0.006580353,Middle
185,10.957736,1.182312,15.4552145,0.42709140992421774,0.30686196744038213,0.375024924818175,135.54813,68.330635,0.06440964859009327,PeMS04,10.348776,9.87837,9.895126,4.545519,0.016756058,Low
186,12.932594,1.1378303,18.149694,0.13778069500593346,0.009136386414849408,0.09524100492569691,111.23021,59.463226,0.09075251369860732,PeMS04,13.282003,13.1287985,13.115482,1.1534774,-0.0133161545,Middle
187,15.024142,1.1162212,20.857567,0.24367084739468647,0.1045508869993214,0.13982234345284048,179.77495,87.39452,0.15151471415937742,PeMS04,16.363075,16.170807,16.157759,1.1750137,-0.013048172,High
188,17.41571,0.59304863,24.438887,0.17038505774379453,0.04578469713785647,0.01925965228893449,185.4129,77.05405,0.09546265385084846,PeMS04,16.83698,16.734737,16.726944,0.6072551,-0.0077934265,Middle
189,1.6992182,0.3170677,2.559633,0.17324732027564527,0.03630605325840438,0.9687254203608896,121.33287,69.86683,0.43308061176438034,PeMS04,1.7529747,1.5004082,1.5159221,14.407884,0.015513897,High
190,8.672036,0.28410172,12.322883,0.3943834628858201,0.14499273521766343,0.16573054438930948,95.677666,42.334972,-0.02297112267348862,PeMS04,8.390714,8.362989,8.334509,0.33041605,-0.02848053,Low
191,1.6901519,0.3264694,2.5553575,0.17559101936685328,0.03791892408076222,0.9686818844272117,121.33287,69.86683,0.43347894906071827,PeMS04,1.7469556,1.4963778,1.5121328,14.343685,0.015754938,High
192,1.6946695,0.302426,2.5582526,0.17430297340625997,0.03793932984687482,0.9686216087406051,121.33287,69.86683,0.4333571751843787,PeMS04,1.7495483,1.4946977,1.5098717,14.566652,0.015174031,High
193,1.6906148,0.31888294,2.555148,0.17635098823830786,0.03883625563254415,0.9686790389040082,121.33287,69.86683,0.4308219893708763,PeMS04,1.7434884,1.4937714,1.5083199,14.322836,0.014548421,High
194,1.7102793,0.41872117,2.5625224,0.171435419810107,0.03798754361019201,0.9688307798260123,121.33287,69.86683,0.4296807447402447,PeMS04,1.7500366,1.5008066,1.51818,14.241418,0.017373443,High
195,1.6822245,0.28902367,2.5496504,0.17911331446240733,0.037729352350434606,0.9682898068177468,121.33287,69.86683,0.435055454609232,PeMS04,1.7452617,1.4921485,1.5066845,14.502877,0.014536023,High
196,4.274563,0.38308743,6.0909047,0.1726211513523097,0.02113859543141054,0.04024293850523334,75.38632,46.519596,0.11660574209993074,PeMS04,4.052168,3.866841,3.855029,4.5735226,-0.011811972,Middle
197,1.6840259,0.27733168,2.5529058,0.17900512602300947,0.03905787574230187,0.968589852922234,121.33287,69.86683,0.4316378383168186,PeMS04,1.7467119,1.4912264,1.5054812,14.62665,0.014254808,High
198,1.719228,0.45477235,2.5620813,0.1729923679977234,0.03994575953034756,0.9686308728139913,121.33287,69.86683,0.4358269193607281,PeMS04,1.7478813,1.4997393,1.5159556,14.196732,0.016216278,High
199,1.6804763,0.2994718,2.5481849,0.1793711382631261,0.037683550757392215,0.968346856715411,121.33287,69.86683,0.4346322806820624,PeMS04,1.7397226,1.4868716,1.5014416,14.533984,0.014569998,High
200,1.6835792,0.27394947,2.5530365,0.1761764171273551,0.0361832183809764,0.9690009833960982,121.33287,69.86683,0.43047131771698277,PeMS04,1.7508373,1.4888351,1.5025339,14.9643955,0.013698816,High
201,28.549393,3.3164475,38.36595,0.1152500244989861,0.0578429030212013,0.028949010879177034,310.33954,164.58377,0.12524392089146816,PeMS04,31.9831,30.96279,30.90779,3.1901577,-0.055000305,Middle
202,57.231525,3.435202,77.37802,0.08266896544099536,0.034293626243010265,0.053489911861389246,290.8083,145.70753,0.036368003262007995,PeMS04,57.009983,56.779575,56.773376,0.4041533,-0.006198883,Low
203,33.495197,1.9653703,53.229862,0.6359980079357969,0.055946176540993785,0.09947264923213806,464.55527,212.98488,0.10971055267776651,PeMS04,29.238335,28.836807,28.843277,1.3732909,0.0064697266,Middle
204,24.387411,0.94946796,34.437244,0.47005223270579727,0.06872257875939558,0.06274425843555444,343.15436,134.46022,0.10409412583442834,PeMS04,24.572033,24.303751,24.305965,1.0918182,0.0022144318,Middle
205,14.109695,4.738766,17.328772,0.24453879306416612,0.1917883953414167,0.1566068248122209,106.42447,52.064907,0.10883122874215541,PeMS04,15.034202,13.147499,12.998316,12.549403,-0.14918327,Middle
206,16.968803,1.0602676,24.38971,0.04676479242087154,0.045821292793234276,0.06612147546312178,130.13423,72.02522,0.07568888688173071,PeMS04,16.016087,15.957967,15.953374,0.36288375,-0.0045928955,Low
207,19.92515,2.2764509,28.958664,0.36650872103599275,0.11679004288402005,0.24005899383782414,298.15445,153.94196,0.12031368845295103,PeMS04,19.95587,19.767239,19.75894,0.945241,-0.008298874,Middle
208,38.198967,1.953034,52.995,0.22326882768821368,0.04309765502921852,0.06650550777525009,425.68195,226.88396,0.1337244831792675,PeMS04,39.044857,38.34683,38.31194,1.7877606,-0.03488922,Middle
209,34.84885,1.4843105,49.53281,0.12606858677892718,0.03992413579072552,0.01868140923675991,408.34735,216.54704,0.1372747466239069,PeMS04,37.805107,37.575714,37.577427,0.60677785,0.0017127991,Middle
210,17.337927,0.97793365,24.509293,0.3473084783759333,0.14978933576109782,0.1975979189015398,230.89975,144.2741,0.1683114649138322,PeMS04,18.497309,18.213528,18.19989,1.5341748,-0.013637543,High
211,16.508816,0.44281316,23.463213,0.3392931346122394,0.0917484369130957,0.1296142188440223,234.97125,114.262535,0.0709130865352084,PeMS04,18.862452,18.601315,18.58799,1.3844277,-0.013324738,Low
212,11.3117895,1.4436401,16.305313,0.4377698155958884,0.10331085319723149,0.10517796157402215,114.079254,62.44624,0.0859925238701657,PeMS04,10.668429,10.52742,10.525456,1.3217441,-0.0019636154,Low
213,28.24157,1.7359132,41.11402,0.17502344158671998,0.017168523596956507,0.02570144696446433,343.54706,226.41191,0.12069517688527653,PeMS04,26.70906,26.45732,26.445337,0.9425319,-0.011981964,Middle
214,13.969549,2.7751026,21.671675,0.35475932640752905,0.034019748103955375,0.20835623490656818,207.1531,170.7489,0.1560767954302051,PeMS04,13.96625,13.873203,13.865364,0.66622853,-0.007839203,High
215,16.309532,3.5227993,24.019117,0.3188431676869452,0.12097400076655544,0.08985059687946029,228.58965,185.66266,0.154077054613525,PeMS04,15.555824,15.29463,15.28783,1.6790768,-0.006799698,High
216,16.842579,4.4615836,25.509684,0.38208760683107257,0.13000717619421612,0.10574547273353328,234.21176,191.32733,0.11880419798758017,PeMS04,16.860764,16.541529,16.535654,1.8933594,-0.005874634,Middle
217,17.387682,5.0075946,25.963852,0.4507044368621878,0.15076440151740025,0.22359565212917862,223.61633,186.26105,0.15250471081547162,PeMS04,15.372491,15.232384,15.225233,0.9114148,-0.00715065,High
218,16.981905,3.1278632,25.644613,0.3060628437274208,0.09348673198468264,0.09064620679636244,227.10146,183.73198,0.116511456161791,PeMS04,16.311316,16.076399,16.067043,1.4402069,-0.009355545,Middle
219,16.74763,4.839175,24.687933,0.3844063980045771,0.09917884104936153,0.18412426207287466,222.96715,183.07881,0.12591488406729295,PeMS04,14.936779,14.803508,14.798718,0.89223534,-0.0047893524,Middle
220,18.433489,3.3768437,25.748114,0.22537709282133944,0.06798219182707478,0.057010310469391395,288.42743,178.38562,0.18343508846678339,PeMS04,19.745874,19.327148,19.3104,2.1205745,-0.016748428,High
221,15.811211,3.2617445,21.85995,0.3038122391780181,0.09189316157817355,0.15047652129602626,213.7678,124.84785,0.17448753720327606,PeMS04,15.783906,15.41045,15.398538,2.3660557,-0.011912346,High
222,24.369478,1.2565883,34.949512,0.0655813718591824,0.06240267782434052,0.00825462937714119,179.37032,96.79407,0.04771904445965495,PeMS04,24.922707,24.99692,24.994087,-0.29777274,-0.0028324127,Low
223,26.046816,1.4819618,36.776596,0.1311640317151753,0.014280401076696635,0.016661989995575863,188.6968,100.52332,0.05032690014661211,PeMS04,26.61654,26.267042,26.251022,1.3130885,-0.016019821,Low
224,9.481726,2.2741911,13.221508,0.2602268963658531,0.07504807435995851,0.07529225992610684,90.97477,63.30791,0.16496966713830324,PeMS04,10.107503,9.809902,9.809346,2.9443548,-0.0005559921,High
225,11.802475,3.039297,18.29625,0.1464778751232125,0.014341428028787526,0.09153975258996615,87.89084,61.006012,0.09935127276608209,PeMS04,12.346941,12.251604,12.239918,0.7721501,-0.011686325,Middle
226,13.241707,3.7647622,17.195253,0.34473427741688106,0.09599874523049402,0.08271510873496779,93.628525,61.301556,0.10452268408076033,PeMS04,13.841998,13.361475,13.33193,3.4714866,-0.02954483,Middle
227,10.238397,1.1415027,14.970699,0.23178293630754235,0.06965860899950896,0.10250978220732614,78.75096,62.60292,0.132025133263015,PeMS04,10.614966,10.52225,10.51682,0.8734481,-0.0054302216,Middle
228,4.232319,0.26785657,5.595159,0.10979477830188368,0.11052756433103474,0.16435748512438894,97.79523,55.69865,0.18404663146327715,PeMS04,4.409276,4.353958,4.3567605,1.2545797,0.002802372,High
229,13.497976,2.779813,21.042784,0.41861224464414554,0.07211779589524793,0.04547115036044847,102.46226,68.45379,0.14363455480281193,PeMS04,9.303573,8.927317,8.935672,4.0442095,0.008355141,High
230,11.600537,1.2315172,16.045946,0.16206361497153218,0.08686321445522453,0.10662551467222874,149.14511,86.11051,0.08942947665590877,PeMS04,13.435185,13.344529,13.331612,0.6747676,-0.012917519,Low
231,13.466075,0.534594,19.071743,0.2918047026188683,0.10096602560632977,0.18218931732386756,160.453,96.06705,0.08544081474155378,PeMS04,13.457166,13.365104,13.360598,0.68411136,-0.004506111,Low
232,19.586279,0.9444136,34.931107,0.6845292790779719,0.19371603068834545,0.025498058061187736,120.26204,89.81339,0.10112958143178453,PeMS04,14.981189,14.821799,14.822452,1.0639309,0.00065231323,Middle
233,12.451296,1.1474775,19.520555,0.4906053364941258,0.0498215825044672,0.0992531690949418,179.18352,110.96265,0.07577189768136486,PeMS04,12.767307,12.597754,12.5926895,1.3280307,-0.0050640106,Low
234,23.069256,1.6750101,33.73968,0.43091086797335065,0.028251427695516532,0.025679675507456607,379.43207,186.48604,0.07581782750150946,PeMS04,21.61798,21.317488,21.32393,1.3900065,0.0064430237,Low
235,16.72281,1.0229261,23.708994,0.3282483585752964,0.046547687873117354,0.04477609027231419,261.01614,124.14057,0.1390563065198078,PeMS04,16.560173,16.562986,16.569286,-0.016988587,0.0062999725,Middle
236,17.726418,0.8812992,25.282839,0.434157135047232,0.10796511364023033,0.04828030315015336,303.68222,132.79178,0.16739898379226018,PeMS04,16.528772,16.405258,16.410162,0.74726766,0.0049037933,High
237,18.327784,0.65824014,27.057154,0.3450472260766466,0.05910279555458214,0.09427508187512341,170.54066,103.54842,0.14938301936054585,PeMS04,15.462543,15.456602,15.45699,0.038418245,0.00038814545,High
238,14.512985,2.5027578,20.84965,0.4199939054517093,0.058204842805943506,0.09696077966498783,257.89227,139.4694,0.21924782692467756,PeMS04,13.928388,13.84217,13.839379,0.61900836,-0.002790451,High
239,19.786875,2.806403,26.644144,0.19622085775250084,0.06799121662667335,0.13239794188227558,337.76117,157.31477,0.15788654559175538,PeMS04,21.489735,21.253412,21.224735,1.099699,-0.028676987,High
240,19.688055,3.445633,30.58988,0.4798247235924906,0.03125669129797256,0.09269023224805016,217.24916,133.09492,0.17264486135213256,PeMS04,18.653236,18.361946,18.353395,1.5616072,-0.008550644,High
241,16.012959,3.9856284,21.88192,0.1332952201106595,0.0559052293284402,0.1616722482005068,242.07385,151.162,0.12568824166916479,PeMS04,18.214409,18.00433,18.00918,1.1533681,0.0048503876,Middle
242,18.44098,3.4458494,24.032318,0.2465366326438124,0.05316782196012069,0.1000860566685965,173.67053,72.196495,0.08200629784618134,PeMS04,17.942657,17.569784,17.546392,2.0781386,-0.023391724,Low
243,16.001827,1.6894852,22.266823,0.24925800023874475,0.03819103210902055,0.017613780103644613,165.96237,91.28135,0.11253366858279422,PeMS04,15.22872,15.140534,15.131654,0.57907236,-0.008880615,Middle
244,11.755333,0.3247377,16.413729,0.2865587818776029,0.12335806177005952,0.16608825495549115,120.998695,68.341896,0.16082147526783822,PeMS04,11.344074,11.194525,11.190889,1.3183049,-0.0036354065,High
245,21.42871,2.2763655,31.65084,0.42968264184945015,0.22270771242560858,0.05814513925420308,252.08182,142.03296,0.10261617217313591,PeMS04,18.555336,18.347216,18.339317,1.1216199,-0.007898331,Middle
246,16.293121,2.4752128,23.31813,0.20907672628893173,0.04747231924523371,0.11230424299856041,159.33678,103.76833,0.09518320462512764,PeMS04,17.43533,17.338654,17.327414,0.55448264,-0.0112400055,Middle
247,17.361837,3.9854372,22.435272,0.23371061014761618,0.027742895444611143,0.1660082589908837,194.48589,81.41225,0.08852434916059115,PeMS04,22.278149,21.67135,21.585608,2.723737,-0.08574295,Low
248,9.5845785,0.6262273,13.244202,0.10700223223741055,0.051663729617320575,0.1036439517850467,126.69183,47.697006,0.0028948987966132557,PeMS04,11.382768,11.344132,11.349978,0.3394188,0.0058460236,Low
249,11.839307,2.2609184,18.256845,0.25185796468427873,0.04063000024989123,0.04511994730740836,99.9337,67.972206,0.08696836243996102,PeMS04,8.367668,8.128337,8.114494,2.8601904,-0.013842583,Low
250,21.249722,2.328564,31.385427,0.334703483916563,0.05667096555191887,0.10125906160921509,308.9528,165.89081,0.1189700562297184,PeMS04,19.57172,19.415558,19.410954,0.79789746,-0.0046043396,Middle
251,24.29724,3.1381502,33.746387,0.5087457256877079,0.07176270134940499,0.03187859683567768,222.39297,88.7761,0.1100177437635065,PeMS04,23.51635,23.101898,23.083178,1.7623976,-0.018720627,Middle
252,21.11938,0.506309,29.857637,0.3741354562757158,0.05247853132476903,0.03231354704345373,338.0298,140.72667,0.13334384897830728,PeMS04,21.754719,21.676058,21.675735,0.36158118,-0.00032234192,Middle
253,22.445246,0.70380855,31.964846,0.2900647811135753,0.06675238296445452,0.11406205450616659,387.03793,184.96538,0.0465012974046459,PeMS04,20.734123,20.538454,20.544823,0.94370604,0.006368637,Low
254,18.832432,2.4003983,27.046213,0.23152276725340384,0.07282516436477503,0.059341486135616094,198.1974,118.21421,0.14720069840217312,PeMS04,17.771284,17.668297,17.663103,0.57951516,-0.0051937103,High
255,22.751457,1.8113605,36.65233,0.4640109741113245,0.028470116548834305,0.08225021104427592,177.14487,116.589355,0.10801797013483995,PeMS04,20.308422,20.229237,20.22204,0.3899145,-0.0071964264,Middle
256,17.828657,0.21190226,27.285547,0.42466710657656526,0.030142706356067805,0.09721165172706346,208.06688,132.26794,0.05422680138811747,PeMS04,18.096695,18.020527,18.011984,0.42089486,-0.0085430145,Low
257,10.925418,1.2812496,15.282407,0.0475191404933882,0.025807022787302566,0.1713809890422028,75.67396,53.346706,0.13033675127406527,PeMS04,10.785687,10.593368,10.58866,1.7831025,-0.0047073364,Middle
258,8.436886,0.67292255,11.6489,0.35292450232037464,0.15573826987469566,0.18911378546319998,114.79405,51.095074,0.1512610073600261,PeMS04,9.043392,8.802275,8.806687,2.6662283,0.004412651,High
259,18.047918,2.6301024,25.996618,0.2728206549025734,0.10699747938943889,0.1062015606749196,208.99641,122.37156,0.15557263278378572,PeMS04,17.83715,17.571203,17.563541,1.4909743,-0.0076618195,High
260,18.823145,4.871149,26.634905,0.34713672477506585,0.1177455908299463,0.1697430867674163,290.26,174.36493,0.20403673852442283,PeMS04,18.147146,17.787493,17.7846,1.9818734,-0.0028934479,High
261,3.0944698,0.33317462,5.0242195,0.1924026892624426,0.05445150088779855,0.9777967356513203,242.66252,139.67603,0.4203533214074464,PeMS04,3.1791801,2.7702913,2.8048167,12.861455,0.034525394,High
262,19.656599,2.154194,27.66937,0.36696806588333186,0.19123870070539228,0.19942557294831723,282.0607,168.4976,0.15442326841161028,PeMS04,19.323053,18.988232,18.984947,1.7327577,-0.0032844543,High
263,30.975986,1.6778711,43.677097,0.09859343603523256,0.010301750822480499,0.09400534661575062,285.43393,115.73441,0.048975363315785496,PeMS04,32.14834,31.991127,31.991243,0.48901844,0.00011634827,Low
264,12.463582,0.3641658,17.771912,0.28327389101145956,0.08130005022396504,0.17184954616296735,155.011,106.54951,0.1270130585483291,PeMS04,12.661144,12.495734,12.493618,1.3064383,-0.0021162033,Middle
265,21.152971,1.2478517,30.77633,0.1837955368064863,0.04276851517259842,0.08957006888984755,238.11339,154.57549,0.08565531952561217,PeMS04,20.566183,20.458778,20.44346,0.5222394,-0.015317917,Low
266,8.208144,1.4428697,11.003197,0.3235730705596012,0.2151410070063167,0.2711942815757385,53.5378,27.996399,0.060958638789157256,PeMS04,7.736128,7.528415,7.5119123,2.6849692,-0.016502857,Low
267,19.743769,4.017027,28.572039,0.27191518179214724,0.033625378563436746,0.14064392398565362,231.91768,146.25165,0.18830699915845925,PeMS04,18.912949,18.487316,18.471642,2.2504818,-0.015674591,High
268,31.097448,1.1683148,44.714634,0.12214406973390153,0.0317496800627112,0.07555472851201732,231.26843,120.64474,0.058627042112558425,PeMS04,31.746765,31.671274,31.678019,0.237791,0.0067443848,Low
269,13.5672035,0.48160425,18.799694,0.27169845375351803,0.03652756211710157,0.053305519470643326,169.16881,87.847496,0.13079501902084198,PeMS04,14.556239,14.456839,14.463058,0.6828723,0.006219864,Middle
270,28.037659,1.1025609,39.02713,0.2222100540177155,0.010699177564876072,0.05797238480430462,280.2071,153.25693,0.06369754442615327,PeMS04,25.66732,25.581673,25.581226,0.33368337,-0.00044631958,Low
271,40.909683,2.1269228,57.80595,0.38372685631387254,0.01712979025345593,0.016353642936940374,329.85968,166.11737,0.07864161959472564,PeMS04,40.036602,40.08797,40.089333,-0.12830438,0.0013618469,Low
272,40.890366,12.913113,55.034794,0.39749835445275833,0.11412557863873818,0.11622416020691612,391.72824,181.87817,0.09277513279952543,PeMS04,38.594643,38.00836,37.99294,1.5190731,-0.015422821,Middle
273,10.8431015,0.8779251,14.886677,0.07863391191706412,0.04670945318564538,0.02065816789692505,73.5656,43.65256,0.11128467888717854,PeMS04,10.243575,10.29083,10.287968,-0.46130928,-0.0028619766,Middle
274,13.2149935,0.47096398,17.922487,0.28030677326835074,0.048177232793539304,0.011419418850856728,91.225815,27.982056,-0.06304453121541431,PeMS04,16.223734,16.1825,16.184088,0.25415275,0.0015869141,Low
275,9.689334,1.2283992,13.406624,0.04265891449738651,0.0345308600519704,0.1252232185621757,73.54321,50.361477,0.13075747855891182,PeMS04,9.566545,9.453909,9.452986,1.1773908,-0.00092315674,Middle
276,9.145893,1.9951347,13.479668,0.3646326671230768,0.3129072266144785,0.39046879831889036,77.722305,57.997135,0.10576161387917571,PeMS04,9.578933,9.107001,9.096051,4.9267645,-0.0109500885,Middle
277,13.504778,0.78085876,20.602121,0.5588621287362622,0.14458641957685295,0.20197497506886886,139.39273,101.78886,0.1791008436013701,PeMS04,18.22354,17.258327,17.216406,5.2965117,-0.041921616,High
278,17.82494,1.0353161,26.695969,0.1883441099547204,0.061842433013557345,0.01139720070189258,137.48009,91.80874,0.08232984118570204,PeMS04,16.760227,16.69581,16.68574,0.38434374,-0.010070801,Low
279,13.096213,1.8865757,19.472977,0.37544547877508316,0.10419499647237106,0.17242722293096788,157.874,104.69204,0.13192092645179268,PeMS04,12.310123,12.006094,11.986456,2.4697516,-0.019638062,Middle
280,9.754847,1.4539617,13.709541,0.16475856845436468,0.06983359806586376,0.11986698947065584,115.16193,79.4183,0.1034753153536993,PeMS04,9.98878,9.761264,9.743446,2.2777174,-0.017817497,Middle
281,23.039808,7.2412915,29.596313,0.2192239941382851,0.05796593495573085,0.13663522212369028,234.64482,120.691826,0.1520075556417007,PeMS04,28.102795,27.529884,27.477243,2.038624,-0.052640915,High
282,14.412549,4.3630576,20.459436,0.35899277201769464,0.12224951484627304,0.12497457232609264,140.70477,92.47257,0.08907017481071038,PeMS04,14.3405905,13.9931755,13.97273,2.4225988,-0.020445824,Low
283,23.376606,5.9338965,30.512207,0.24109711671573608,0.023316410169253735,0.08678701367745549,250.79553,133.83551,0.1700879537744321,PeMS04,23.919882,23.3352,23.296385,2.4443367,-0.038814545,High
284,15.829596,3.601608,21.602468,0.15621252197754298,0.10991142319996022,0.18346980780981578,253.66983,147.33711,0.1444284891820929,PeMS04,15.836136,15.512564,15.51183,2.043252,-0.00073337555,High
285,14.169461,3.0356367,20.300983,0.1691352261269293,0.07178235346637447,0.8002893104386287,235.44614,150.83649,0.042844402714362684,PeMS04,21.317333,20.025616,19.993065,6.0594707,-0.03255081,Low
286,15.101019,1.9042172,21.793028,0.19793423575809066,0.062074932205581225,0.19486865505946802,197.30264,113.12039,0.11099073890532486,PeMS04,17.048248,17.026558,17.01953,0.1272293,-0.0070285797,Middle
287,28.050932,5.2627964,37.900707,0.18373413438829636,0.05617448625619235,0.042508130431757045,297.14456,154.77531,0.15216425894202248,PeMS04,27.679628,27.12649,27.080261,1.9983604,-0.04622841,High
288,26.251234,2.9405203,35.855473,0.22249350698210044,0.05124857577106645,0.10134713789842947,268.31415,140.40427,0.1284717116116079,PeMS04,26.239119,25.7504,25.717468,1.862555,-0.03293228,Middle
289,17.387081,0.90896493,26.22339,0.3295835088128797,0.07922101912945696,0.07131629922356023,110.32903,79.25214,0.044364704085387396,PeMS04,12.751596,12.326832,12.2982855,3.3310702,-0.028546333,Low
290,30.11192,3.4403794,39.290676,0.15224117817111876,0.017902103799223537,0.05085000490765831,198.3078,96.61947,0.049696684846079676,PeMS04,30.664528,30.640987,30.626976,0.07676785,-0.014011383,Low
291,19.798927,2.2809055,26.986961,0.22898557164492148,0.057723867024614905,0.036166830346149016,297.27505,155.08647,0.12376890017039631,PeMS04,21.825636,21.656063,21.664719,0.7769434,0.008655548,Middle
292,16.18716,1.9511627,22.324503,0.22871923542596231,0.08771105281104728,0.11298331185785095,221.35852,112.93859,0.17550792060118073,PeMS04,17.704092,17.553816,17.554953,0.84882176,0.0011367798,High
293,22.283234,1.0157162,34.43394,0.5135573986932643,0.0070427775051163785,0.07408752267072145,236.97974,125.358925,0.12030005575332137,PeMS04,19.32038,19.180393,19.167301,0.7245512,-0.013092041,Middle
294,22.029713,1.9812344,30.879087,0.26501175827647866,0.027718842984656725,0.13317743080470848,250.03629,112.3905,0.08333042528516042,PeMS04,24.147038,24.199131,24.197523,-0.21573456,-0.0016078949,Low
295,3.1137235,0.33578584,5.0517282,0.18657414294772678,0.05521161675378941,0.9778858242375049,242.66252,139.67603,0.4137229459949494,PeMS04,3.231035,2.811329,2.841705,12.989835,0.030376196,High
296,13.2628,2.6106813,18.608583,0.33571894150515463,0.11305249094528558,0.16921075719351508,155.58678,85.593636,0.17972865177026245,PeMS04,12.711184,12.411921,12.403221,2.3543284,-0.008699417,High
297,39.706966,5.140676,55.228924,0.2251749968089937,0.06264280906657392,0.0063135954146147635,407.18518,230.25227,0.12010179547768914,PeMS04,37.231316,36.482193,36.423412,2.0120766,-0.05878067,Middle
298,32.865833,5.7335243,46.896923,0.16792590013288353,0.07392659744046286,0.06811829724325107,371.53625,197.39238,0.09219729648001151,PeMS04,34.50621,34.21403,34.206146,0.8467435,-0.007884979,Middle
299,18.046965,7.6603827,24.920807,0.851479564477378,0.5885846380127697,0.7222858734531026,244.5753,142.13658,0.08352635144369702,PeMS04,20.720245,19.172356,19.184473,7.470422,0.012117386,Low
300,17.078466,1.5088634,25.031298,0.3482784950304345,0.1368580419049939,0.17716927826975368,234.74406,127.322,0.16970065137545357,PeMS04,16.612423,16.380394,16.379658,1.3967196,-0.0007362366,High
301,15.758342,1.1238469,22.548111,0.326674474090088,0.16177813366640603,0.0768930928661531,231.32529,127.704475,0.09302923934338218,PeMS04,17.597082,17.291824,17.252752,1.7347069,-0.039072037,Middle
302,23.058205,8.04205,33.258682,0.6094898655430699,0.14179527302166528,0.18171547477542185,215.1306,114.252495,0.1707090433665388,PeMS04,22.373112,20.992691,20.97436,6.1699986,-0.018331528,High
303,41.91192,2.9611409,58.943996,0.12291527479970384,0.04477391487966322,0.02799956981497419,250.91774,144.69044,0.09432109208565544,PeMS04,39.721703,39.643135,39.635178,0.19779491,-0.0079574585,Middle
304,22.547373,2.802345,32.56029,0.4341720966232477,0.12977298485275626,0.21539077992977296,338.13562,204.19905,0.12180356677085008,PeMS04,22.067076,21.71103,21.700747,1.6134746,-0.0102825165,Middle
305,13.2421875,2.9511795,18.215818,0.18098891730021696,0.08202235581063234,0.0917683840880321,179.45514,120.75815,0.1418297441034572,PeMS04,13.55553,13.298094,13.297568,1.8991202,-0.00052547455,High
306,12.638314,2.5845323,17.223959,0.3329280118006296,0.1479120718464779,0.22037434030161288,163.94507,85.10674,0.16611702306877948,PeMS04,11.402606,11.188033,11.187428,1.8817883,-0.0006046295,High
0,20.483736,0.33565626,28.421343,0.3368330832887252,0.015837419642550563,0.018550347115226514,328.53848,135.85002,0.12441032502863404,PeMS08,21.262383,21.27811,21.50874,-0.073970996,0.23062897,Middle
1,21.643229,0.3074377,31.100792,0.4140442664832747,0.0066945895629556195,0.05214652873105909,362.03082,153.22179,0.13478444659370778,PeMS08,20.90601,20.80665,20.988585,0.4752677,0.18193436,Middle
2,19.242167,3.855013,25.040495,0.4945122740278752,0.24347552473487957,0.2746181180221621,284.97574,93.68754,0.09508379626004089,PeMS08,19.582968,18.38447,18.429853,6.120103,0.045383453,Low
3,21.2617,0.21009089,30.877909,0.4197360094369546,0.017052707304575074,0.09483070833562209,364.6241,153.79665,0.13818837865301362,PeMS08,22.241499,22.385042,22.559317,-0.6453847,0.17427444,Middle
4,25.278456,4.66305,39.586155,0.5414498965212121,0.07576398535435863,0.08028818445823382,393.80432,167.15662,0.09237991873433786,PeMS08,21.947014,21.322823,21.421894,2.844083,0.0990715,Low
5,18.087803,0.19379483,24.473604,0.2886014114373203,0.0579834704197709,0.062034393570493056,245.12776,121.14264,0.12977596103194772,PeMS08,18.7514,18.518896,18.676455,1.2399281,0.15755844,Middle
6,23.354145,3.1796873,34.613377,0.504624196001966,0.12069417634031203,0.0183783794243851,346.3461,144.8575,0.10151600176432991,PeMS08,22.31079,22.314415,22.490955,-0.016251642,0.17654037,Low
7,13.897019,0.11355973,18.884556,0.4091242589872901,0.09097555855489249,0.03967177480453261,174.36287,75.52674,0.12872460593483934,PeMS08,13.891418,13.926375,14.156152,-0.25164407,0.22977638,Middle
8,10.519782,0.81769115,13.942471,0.14910565797511438,0.06552854886540606,0.08841752455634135,125.36576,54.635677,0.08758260732779305,PeMS08,10.112199,10.083798,10.165981,0.28085306,0.082182884,Low
9,23.37906,1.2929853,33.91221,0.4247919623236105,0.041924380008309274,0.22391847122370326,460.52237,214.84074,0.10014815862527233,PeMS08,26.291697,25.691484,25.878973,2.282896,0.18748856,Low
10,35.887627,7.1650424,64.31273,0.6339962266907965,0.02742444075819705,0.009026790362670793,397.853,173.63863,0.01582740842549386,PeMS08,35.43756,35.053383,35.279686,1.0840988,0.2263031,Low
11,12.757363,0.14313059,17.488121,0.18258437508053862,0.11047315964930614,0.10546105773192398,221.41364,90.57032,0.15704222770053372,PeMS08,14.0599575,13.816567,13.994064,1.7310869,0.17749691,Middle
12,2.053063,0.406992,2.7586136,0.27627164776825613,0.07102092729374175,0.9458493682407498,254.67305,121.34298,0.18451887754478077,PeMS08,10.665736,10.400574,10.562495,2.486115,0.1619215,High
13,21.42806,4.360744,32.037792,0.47144365691631035,0.0923499793068786,0.007960046991247359,333.57178,125.38619,0.05697805182955023,PeMS08,20.576189,20.229053,20.311523,1.6870741,0.08246994,Low
14,27.427612,9.109925,38.369637,0.505389465725816,0.24741094764417979,0.046055871131936675,340.16888,145.88835,0.11644916341317722,PeMS08,25.54265,25.179367,25.286955,1.422261,0.107587814,Middle
15,16.938128,0.13968047,22.9125,0.273880496576229,0.11583197042805114,0.11159627271054418,279.5198,137.30186,0.14239768322956553,PeMS08,17.752993,17.415121,17.608139,1.9031808,0.19301796,Middle
16,9.194387,0.39912912,12.744614,0.3413797027015996,0.08296653339392372,0.1846714638705578,116.9583,54.602325,0.11403138702048389,PeMS08,9.670632,9.649864,9.850892,0.21475498,0.20102787,Middle
17,5.1373477,0.51798904,18.787313,0.4481185279229618,0.003841057317921698,0.11471926609690875,252.67003,121.73694,0.07887653369743733,PeMS08,11.306951,11.46902,11.530447,-1.4333601,0.061427116,Low
18,24.458271,3.8442953,33.30814,0.5762762146842008,0.1010737947164515,0.02381392542128252,287.07733,134.81995,0.06704409506912301,PeMS08,21.809204,21.699322,21.89379,0.5038348,0.19446754,Low
19,25.507345,8.37296,35.68898,0.5321150892571719,0.2010703560941831,0.11531494351813343,276.26645,143.17352,0.08897088132466056,PeMS08,19.90962,19.343771,19.486467,2.84209,0.14269638,Low
20,25.272396,6.059422,36.321056,0.6441758932049486,0.26191578114795927,0.10498155603850767,256.2642,124.343956,0.09515945956031273,PeMS08,19.34772,18.798395,18.90014,2.8392186,0.101745605,Low
21,17.119804,3.7327223,24.74685,0.5029764560749493,0.13579082461090536,0.007882154840093055,183.57336,110.53305,0.038865695829795426,PeMS08,17.23148,16.72727,16.657469,2.9260952,-0.06980133,Low
22,21.49278,2.797816,30.365862,0.4108586660370961,0.0398435342638249,0.07497595271463939,386.28473,170.64479,0.1398410113281771,PeMS08,21.655115,21.527145,21.624554,0.59094465,0.097408295,Middle
23,18.143978,2.3136585,25.266937,0.44026554597238676,0.1305777660581455,0.19900578688947568,258.36624,122.619965,0.1466682995893057,PeMS08,18.651552,18.371103,18.565777,1.5036224,0.19467354,Middle
24,8.065921,0.18721078,11.213963,0.38704351322862635,0.08360748322144995,0.11485080192099735,65.02184,39.275593,0.18560835358330588,PeMS08,7.8316083,7.7331333,7.9422197,1.2574043,0.20908642,High
25,15.90008,0.20458984,23.266928,0.3904282889873755,0.02873779596650079,0.12529077458997578,209.76936,99.464,0.12926402459448635,PeMS08,15.907052,15.979024,16.225115,-0.45245275,0.24609089,Middle
26,21.377851,0.38049805,29.10528,0.30755547993671206,0.05296961382754584,0.0257696076365117,336.5937,104.212,0.12815983959616242,PeMS08,23.157644,23.127834,23.34543,0.12872618,0.21759605,Middle
27,27.466524,2.246835,41.67272,0.5218011945694042,0.055322535991769395,0.09252976220355925,377.026,153.54758,0.08576328567123255,PeMS08,27.46086,27.05931,27.232435,1.4622571,0.17312431,Low
28,2.054682,0.41351435,2.7608426,0.2756347360401715,0.0716324813155014,0.9461858396425676,254.67305,121.34298,0.1861006396557173,PeMS08,3.413739,3.2501795,3.2973456,4.791211,0.04716611,High
29,18.734468,0.5376789,27.664984,0.5213100431259394,0.18871674583221884,0.07264882554790032,298.225,111.05744,0.14090111644929548,PeMS08,17.680664,17.762436,17.98643,-0.4624931,0.2239933,Middle
30,14.594696,1.5555512,19.420975,0.4000055202413319,0.16226345939710432,0.12802310289041857,252.64702,85.71613,0.25099259143784186,PeMS08,14.092,14.074704,14.290582,0.12273515,0.21587753,High
31,13.471819,0.6669321,18.777086,0.38280847229327053,0.15994245346689265,0.13418735742829577,241.48526,88.71172,0.09837094283075483,PeMS08,12.974612,12.897434,13.060851,0.5948386,0.16341686,Low
32,15.56214,1.0284259,21.358536,0.3491923338576668,0.14641242442520583,0.11270252687501454,186.06053,90.252815,0.1628047657540523,PeMS08,14.918999,14.414875,14.540286,3.379072,0.12541103,Middle
33,3.5641756,0.6249785,4.8072896,0.329063677151695,0.08497908782700875,0.032881364897433915,12.567697,8.333749,0.10186602007340194,PeMS08,3.1557803,3.1474013,3.201384,0.26551223,0.053982735,Low
34,10.408839,0.84825677,13.992474,0.24170596457822194,0.08175688227325924,0.19836964460927073,113.331955,63.31107,0.05123288168056329,PeMS08,10.934045,10.925324,11.104499,0.07975455,0.17917442,Low
35,28.315828,1.1637233,39.932335,0.4941108693741811,0.11288706933821481,0.021718006868915205,343.7689,157.17677,0.1532190898672767,PeMS08,26.215343,25.81649,25.996443,1.5214498,0.17995262,Middle
36,19.481123,1.0162829,27.664064,0.39078703826933053,0.09194276964775548,0.07346603054393135,270.19775,121.50828,0.13474495783143908,PeMS08,19.185133,19.198631,19.397861,-0.07035816,0.1992302,Middle
37,9.789768,1.4083406,13.265187,0.39749338697116743,0.10945122917851353,0.12980490112061116,175.72012,61.060318,0.20490101164633004,PeMS08,9.282766,9.174718,9.363995,1.1639681,0.1892767,High
38,15.354225,3.13741,20.884245,0.3896893960901802,0.18939136927637212,0.1695787343005106,219.82875,103.47695,0.19148250558859345,PeMS08,15.520781,14.957645,15.107095,3.6282656,0.14944935,High
39,18.759878,3.172435,25.385939,0.41149955878616407,0.08010562376020498,0.11607840480988828,275.00934,129.55989,0.19919278592067605,PeMS08,19.309195,19.081244,19.212284,1.1805311,0.13104057,High
40,15.252361,1.2210758,20.845976,0.3028264137410653,0.05589852123553763,0.008996503253480363,261.31067,82.46145,0.1407611690699176,PeMS08,15.129122,15.105278,15.233257,0.15760177,0.12797928,Middle
41,21.076162,0.22759645,30.595255,0.4381446473187596,0.023366315178387706,0.08702602676243341,354.28293,132.37025,0.1107837761478413,PeMS08,21.648746,21.364716,21.523304,1.311997,0.15858841,Low
42,13.344839,1.2447605,19.103848,0.32705416662687953,0.07222310240309673,0.11190998003076869,188.89781,98.47126,0.09376432817821571,PeMS08,13.877433,13.5576725,13.616119,2.304175,0.058446884,Low
43,21.085312,0.8296743,29.798986,0.35471794750692287,0.0732529935586866,0.08036458933192044,332.3222,144.94089,0.15426372462866775,PeMS08,20.741152,20.75107,20.936275,-0.047819007,0.18520546,Middle
44,14.895381,0.59192735,22.696619,0.49711501623200377,0.051528963537317944,0.050521986054254044,225.28313,91.87896,0.12628977498449498,PeMS08,16.624876,16.318413,16.44206,1.8434017,0.12364769,Middle
45,22.227036,0.5828323,33.49013,0.5309084433482664,0.10835467801460523,0.06366495619695454,308.47137,166.90776,0.12900368497243078,PeMS08,20.437204,20.259785,20.437712,0.86812097,0.17792702,Middle
46,20.85094,1.2124153,30.08065,0.36917851113768085,0.1264364826699528,0.14603846750691157,327.55734,172.09648,0.1560086024919004,PeMS08,21.570007,20.990198,21.20334,2.6880343,0.2131424,Middle
47,21.138374,1.8133327,29.194258,0.3086217076041215,0.07832120079102751,0.10768603400644461,297.0206,139.05058,0.1456696026848058,PeMS08,22.956171,22.634075,22.791248,1.4030906,0.15717316,Middle
48,0.8791547,0.06399245,1.1255141,0.40441464197859917,0.16168277705504233,0.8319652619690895,369.6789,169.5827,0.3476287230072333,PeMS08,0.85043496,0.78670865,0.7689933,7.493378,-0.017715335,High
49,30.913195,3.0807664,44.04617,0.12839815651938022,0.03303557024389694,0.009014209625871806,169.87337,83.10804,0.08224158048535092,PeMS08,30.750546,31.006788,31.125225,-0.833295,0.11843681,Low
50,0.6628228,0.27357438,0.7825987,0.3951990287463658,0.09599236972002982,0.7964267154939995,184.84195,84.798874,0.39637080922139006,PeMS08,0.62125087,0.53550434,0.5268507,13.802238,-0.008653641,High
51,0.6549436,0.24890311,0.7790713,0.3836286130853,0.09084116269156078,0.7929313688110781,184.84195,84.798874,0.3873224945791627,PeMS08,0.6174305,0.5402225,0.52821517,12.5047245,-0.012007356,High
52,26.601107,5.166222,35.93298,0.36330849872709875,0.050944621430815684,0.08748654046174126,436.75296,185.79668,0.08180654231421232,PeMS08,26.63211,26.491838,26.63773,0.52670306,0.14589119,Low
53,17.901808,1.8301734,25.124138,0.2650961897659281,0.15456942900928397,0.0982049916957422,220.28748,117.566734,0.13484594219220952,PeMS08,18.987799,17.95539,17.850147,5.4372168,-0.10524368,Middle
54,10.357895,3.8624165,13.80674,0.47971053853613527,0.3734070517794956,0.5559679726897157,289.31644,137.16646,0.14811511262387375,PeMS08,10.040343,9.223033,9.486368,8.140263,0.26333523,Middle
55,0.7628124,0.22475384,0.9479131,0.36911991687274753,0.14543119771705967,0.8347346485068092,277.27017,127.19871,0.4214365637546747,PeMS08,0.710824,0.6370172,0.6168432,10.383276,-0.020173967,High
56,19.863514,12.576294,22.744484,0.4362234508828778,0.25215471030933717,0.27192619411962743,216.94144,92.59701,0.0952156772068578,PeMS08,25.236446,20.283548,19.17928,19.625973,-1.104269,Low
57,14.5656185,1.2816006,19.199114,0.15603884318678923,0.07499713536920762,0.05946607994617631,202.16241,94.50507,0.13543670041371766,PeMS08,15.490616,15.23864,15.371435,1.6266365,0.13279533,Middle
58,11.008552,1.8362662,15.179264,0.34278951913800443,0.04997241344353309,0.04088304003450344,191.96709,64.66885,0.1870319681070217,PeMS08,10.695242,10.569837,10.708008,1.1725336,0.1381712,High
59,17.125662,7.8293185,22.618597,0.5571583766846159,0.28156936042824343,0.03481181554612748,223.3218,75.81895,0.12423235906808344,PeMS08,28.63362,17.568913,14.603076,38.642365,-2.9658365,Middle
60,4.0862346,0.5802626,7.2580943,0.8263679317183156,0.5376207526883036,0.9944713962613286,277.27017,127.19871,-0.02962830214912562,PeMS08,4.0372715,3.4049995,3.627364,15.660873,0.22236443,Low
61,0.8727027,0.09258226,1.1170207,0.3910709550070411,0.15687562226026108,0.8297583199945949,369.6789,169.5827,0.33987603331711097,PeMS08,0.84620255,0.7834522,0.76642686,7.4155226,-0.017025352,High
62,0.78113294,0.3862814,0.90598804,0.6233909269009458,0.07866084953596937,0.7028640519061121,92.44912,42.395245,0.269069585052562,PeMS08,0.71052986,0.55897135,0.5617586,21.33035,0.0027872324,High
63,18.705471,3.6579418,26.302813,0.3099802777356786,0.12329217079112754,0.23149847556469152,271.20862,160.14894,0.07625734224439111,PeMS08,19.231045,18.675442,18.83055,2.8890944,0.1551075,Low
64,13.524305,2.7464046,42.06038,0.5082824343308813,0.16974042802987654,0.02287661892987268,332.57657,156.42168,0.010701417939235834,PeMS08,11.340162,11.272889,11.530823,0.59322906,0.25793362,Low
65,17.47795,0.96684164,23.24386,0.31413571091584014,0.13570378970185654,0.14787882194025703,277.29108,97.03867,0.17373885534799938,PeMS08,18.757322,18.454388,18.58075,1.6150208,0.12636185,Middle
66,14.526039,1.0983512,21.192986,0.30886212047659994,0.1597897646454691,0.037663248288522244,240.64223,80.58515,0.19097898723177273,PeMS08,14.701371,14.56941,14.731207,0.89760923,0.16179657,High
67,14.034489,1.9525471,18.58114,0.21132173927522124,0.07664479321343667,0.051892018894415644,225.94691,71.81052,0.19738508381275052,PeMS08,13.765691,13.580939,13.669915,1.3421158,0.08897591,High
68,11.981437,0.59589595,17.257143,0.2799234979405362,0.06716343103271745,0.0556372177839819,144.54922,48.441425,0.13746567472268786,PeMS08,11.607643,11.742828,11.883222,-1.1646227,0.14039326,Middle
69,18.24122,1.849308,24.965384,0.41605929633199823,0.19237497741242682,0.07335743858252365,221.4191,106.548454,0.14067679283305792,PeMS08,18.088032,17.9858,18.164482,0.56519127,0.17868233,Middle
70,0.7650106,0.24884821,0.9450388,0.3673668367270065,0.14491916320009965,0.8334856660854784,277.27017,127.19871,0.4177729525277412,PeMS08,0.7136984,0.63405734,0.61500907,11.158922,-0.019048274,High
71,19.972528,0.45351806,27.524672,0.26579276533690643,0.09935097322327374,0.06142793551531752,353.2405,114.70572,0.12553252186957617,PeMS08,18.90261,18.728128,18.834879,0.9230595,0.10675049,Middle
72,14.7506895,0.16457717,20.047705,0.29321776744601613,0.1412466367290177,0.06360036877752306,273.6227,87.999176,0.1885919986144959,PeMS08,15.970223,15.692735,15.855373,1.7375381,0.16263866,High
73,0.7714818,0.25575998,0.9495298,0.37048321972106163,0.14967680528916852,0.834436653139066,277.27017,127.19871,0.4171341436103613,PeMS08,0.71963257,0.6357084,0.6168877,11.662087,-0.018820703,High
74,0.6576371,0.2521809,0.7827921,0.3955838361934136,0.098814796289756,0.795867350655123,184.84195,84.798874,0.39411037092664164,PeMS08,0.61609495,0.53821343,0.5269201,12.641155,-0.011293352,High
75,0.6466076,0.21881814,0.7782839,0.3866298237816346,0.0825526019467324,0.791220027515267,184.84195,84.798874,0.39090481740545985,PeMS08,0.61039263,0.5410617,0.5270394,11.358416,-0.014022291,High
76,16.25275,0.20989065,22.446388,0.47395701356100145,0.12405682320337952,0.05814517063135768,308.8249,97.72037,0.23580146982936992,PeMS08,15.253845,15.189679,15.3528595,0.42065504,0.16318035,High
77,16.316559,0.17821175,23.206612,0.4485822033522336,0.11192741793823092,0.0999619381142053,344.9841,106.46933,0.19863828964296756,PeMS08,15.823733,15.482171,15.665307,2.158544,0.18313599,High
78,30.604692,6.266899,51.67764,0.801444586167746,0.3035618586529044,0.07619160847323535,181.62662,113.9262,0.0670906834002391,PeMS08,37.124485,35.63201,35.54001,4.020187,-0.09200287,Low
79,8.635283,0.109891735,13.187473,0.35187363955342277,0.09552211987331642,0.011993755581323415,131.42953,29.753752,0.09901913299323174,PeMS08,8.267276,8.2781515,8.396526,-0.13155122,0.118374825,Low
80,0.8757403,0.09334227,1.117732,0.39536550500835627,0.15661110611027454,0.8296231901084664,369.6789,169.5827,0.3433494537895451,PeMS08,0.8481114,0.7831101,0.76461726,7.664242,-0.018492818,High
81,0.7620421,0.23084538,0.9456926,0.3650937752901438,0.15015102129014254,0.8332356970553296,277.27017,127.19871,0.4180332221103173,PeMS08,0.7122026,0.6376087,0.61819327,10.473691,-0.019415438,High
82,16.34781,0.35358632,22.892927,0.13572600008597865,0.11066442522980009,0.1482966880793759,191.96936,96.77569,0.16872943970346121,PeMS08,16.619555,16.297499,16.432642,1.9378126,0.13514328,Middle
83,0.75438577,0.18318175,0.9445316,0.3667600307612732,0.14857529427653468,0.8318041110321687,277.27017,127.19871,0.41025208936962954,PeMS08,0.70668906,0.6393124,0.61792976,9.534132,-0.02138263,High
84,0.76719236,0.266573,0.9416304,0.3607693371621923,0.14095507411544703,0.8327483600635884,277.27017,127.19871,0.41219593098418694,PeMS08,0.71640164,0.6336473,0.61590636,11.551386,-0.017740965,High
85,11.079621,2.5275233,20.656073,0.35126632471556934,0.3039825564845253,0.5731778587417855,149.34476,65.063194,0.04299959293987593,PeMS08,10.98255,6.7213907,6.802036,38.799362,0.080645084,Low
86,17.558136,1.1325709,24.839426,0.26139703268807396,0.06299823566222053,0.12259487412362823,294.70486,113.10088,0.21963176922458175,PeMS08,16.471066,16.14268,16.264862,1.9937162,0.122182846,High
87,10.414019,2.978855,16.07947,0.41780317245857096,0.1159342015408802,0.06015291173913918,172.13698,45.93855,0.16790697582978906,PeMS08,9.536045,9.433156,9.576058,1.078949,0.14290237,Middle
88,17.471346,3.7269754,31.874632,0.4612893068289589,0.08580570119869003,0.03141446652030468,195.79764,71.87643,0.05613269231356636,PeMS08,20.105993,19.121681,18.67471,4.895615,-0.4469719,Low
89,8.208451,2.2188714,12.539115,0.39663940895067684,0.18021373936648588,0.3532366752067715,155.58542,68.41183,0.024312388040986888,PeMS08,8.973241,7.331505,7.982396,18.29591,0.6508913,Low
90,0.6579373,0.25869876,0.7810443,0.39234833598264274,0.09564737105414357,0.7936156688755722,184.84195,84.798874,0.395613032054126,PeMS08,0.6167864,0.5383037,0.5268164,12.724461,-0.011487246,High
91,0.6560482,0.2545909,0.7790634,0.3876578716665491,0.08700713203469142,0.7934817990269996,184.84195,84.798874,0.3893199368993671,PeMS08,0.6155659,0.53705686,0.527022,12.753962,-0.010034859,High
92,5.88254,1.3664228,8.874696,0.45989287055602274,0.10330413788695732,0.1301737857645229,37.421238,26.847742,0.15413782364168557,PeMS08,5.7802367,5.72687,5.873211,0.9232608,0.14634085,Middle
93,18.239782,0.16866197,25.347403,0.33997241398760614,0.12566663940002756,0.16216770494104693,264.8249,143.38866,0.12684022789462382,PeMS08,18.1723,17.913599,18.102835,1.4236025,0.18923569,Middle
94,18.604872,0.40090096,26.169556,0.11910681176576905,0.09237504412517634,0.059839800849793935,166.8195,86.72883,0.14556802071230854,PeMS08,18.382479,18.394867,18.50108,-0.06739151,0.106212616,Middle
95,13.251396,0.09888231,18.42895,0.20451416484814797,0.021966846130599318,0.10939949402251854,160.33278,78.45227,0.11248332021118403,PeMS08,13.379903,13.40784,13.590949,-0.20879774,0.18310928,Middle
96,14.726,2.6831253,20.178864,0.1937492216022997,0.07261365225604344,0.057200930768796815,188.69966,66.21317,0.14360765732526984,PeMS08,14.328183,13.8789015,13.920112,3.1356502,0.041210175,Middle
97,15.075516,2.5368552,21.14372,0.3777326087113128,0.14178147706796748,0.11347720611234352,213.00003,94.338196,0.20051642334331357,PeMS08,15.111188,14.815195,14.996207,1.9587662,0.18101215,High
98,12.155778,0.1843797,17.491941,0.1942727175508667,0.06651870786338941,0.008414069513819364,129.27745,59.679337,0.08672402696420901,PeMS08,12.092509,12.22805,12.363631,-1.1208671,0.13558102,Low
99,11.478344,1.2517012,15.560321,0.23009990637079478,0.15007939062813366,0.1032638891698523,208.97995,68.61255,0.16866247417673952,PeMS08,10.986633,10.819214,11.014089,1.5238465,0.19487476,Middle
100,10.675862,0.14756534,14.597699,0.298645250833875,0.08710175274295891,0.06914869404235752,200.54356,61.108673,0.1599673394485073,PeMS08,9.798146,9.817003,9.966707,-0.1924548,0.14970398,Middle
101,14.7314,1.9905411,19.74434,0.2749286152773355,0.1326745179730329,0.06227318124972708,230.78932,104.51853,0.17789107189117614,PeMS08,15.607147,15.252894,15.417362,2.2698114,0.16446781,Middle
102,7.7304916,0.25173518,10.521182,0.36017094807263444,0.09606227676726349,0.08190036908381905,63.03537,37.999386,0.20653502001019244,PeMS08,7.8679256,7.662213,7.8430448,2.6145747,0.18083191,High
103,7.959986,0.15263881,10.983352,0.37864577661252374,0.1020009979111895,0.11552883947003399,65.179214,39.335278,0.1830686334897265,PeMS08,7.7678523,7.647345,7.865307,1.5513586,0.21796179,High
104,18.062452,1.4533921,26.072126,0.2827962563359208,0.21680687471683222,0.26357546837066476,226.93819,93.3052,0.25521294125605665,PeMS08,18.224865,17.702929,17.8799,2.86387,0.17697144,High
105,10.008126,0.77515024,14.650642,0.3957633567697201,0.10448254427788624,0.1181375480851445,138.37357,43.256287,0.20308376530053818,PeMS08,8.358321,8.235347,8.404128,1.471281,0.16878128,High
106,24.363003,3.281924,44.57079,0.32832870756040883,0.14802435394070937,0.11601772314557424,268.07733,117.83549,0.09665511102709567,PeMS08,23.161524,23.000843,23.223934,0.69374007,0.22309113,Low
107,14.869177,0.29557183,21.778978,0.30559046017166125,0.16939836881976192,0.22014069999387384,205.41928,68.142365,0.18597933855276616,PeMS08,13.739459,13.651683,13.90425,0.638862,0.2525673,High
108,5.3906198,0.094609775,8.069733,0.4673241481052089,0.11964769300208938,0.03900503316580257,27.656956,22.147614,0.11509101549966848,PeMS08,5.115246,5.150975,5.2926245,-0.6984886,0.14164925,Middle
109,0.7826967,0.38009894,0.91049045,0.6258599885430133,0.08115498855018986,0.7065827805032686,92.44912,42.395245,0.2699555933807533,PeMS08,0.7129376,0.5610462,0.56362873,21.305008,0.00258255,High
110,8.649965,0.23813802,12.248628,0.42976732415117747,0.053616895720628215,0.0163596107601665,83.02098,32.826256,0.0826089332747424,PeMS08,8.950956,8.958563,9.087821,-0.08497982,0.12925816,Low
111,17.825703,0.8875428,25.834768,0.3399897406429215,0.1092966431202347,0.06285874675320695,254.35936,114.8346,0.07203218555214756,PeMS08,19.900852,19.269611,19.289665,3.1719286,0.020053864,Low
112,12.433437,2.6805983,17.240583,0.3564692703213294,0.1276854566263794,0.20304845432523552,122.584946,57.90859,0.07290797021963921,PeMS08,8.349016,7.8508053,7.945452,5.967301,0.09464693,Low
113,10.652519,0.8961816,14.635341,0.3363084954127748,0.024365745285722565,0.1486986673918129,94.539604,50.12167,0.10772071618878142,PeMS08,7.0983377,6.900131,7.032041,2.7922935,0.13190985,Low
114,6.0758853,0.5223826,8.280941,0.35792260882636834,0.10211989119868597,0.02730156304983757,117.676735,29.019724,0.18205984694663255,PeMS08,5.7436786,5.780601,5.8924785,-0.6428364,0.11187744,Middle
115,0.66525143,0.2781926,0.7821104,0.3906904660395203,0.09594223736383455,0.7946519712465462,184.84195,84.798874,0.39617861908106305,PeMS08,0.6220278,0.53862906,0.5270947,13.407561,-0.011534333,High
116,4.252311,1.7388706,5.528932,0.9039852657026781,0.7115607887787384,0.9932547249273272,184.84195,84.798874,0.2009928315992773,PeMS08,4.06611,3.2479348,3.5950415,20.12182,0.3471067,High
117,17.08475,0.4080375,23.239067,0.4218229773875704,0.0946195516938223,0.14062914388149536,235.36578,62.679123,0.0553147232495069,PeMS08,15.554356,15.629116,15.851298,-0.48063987,0.22218227,Low
118,15.974342,2.815706,21.384089,0.20166968635788043,0.07922062009505348,0.04919362788885426,243.44405,82.01675,0.10848839564816075,PeMS08,14.529624,14.574308,14.689593,-0.30754003,0.11528492,Low
119,16.590536,1.5260035,22.164259,0.171325364462347,0.039881873432707896,0.08182325944266847,237.07034,111.16437,0.10281571642694608,PeMS08,16.316277,16.108118,16.254662,1.275772,0.1465435,Low
120,15.149563,1.0095946,19.99888,0.16782991293678398,0.030363738608843296,0.09118738604933739,204.77913,94.21789,0.08954789644304001,PeMS08,15.351894,15.123907,15.243655,1.485076,0.119748116,Low
121,0.8758025,0.07749362,1.120594,0.39718237366520276,0.1609832365952314,0.8308502762185949,369.6789,169.5827,0.3469641273019805,PeMS08,0.8488784,0.7856545,0.7676389,7.447933,-0.018015563,High
122,0.8720811,0.073726356,1.1156491,0.39184190319229856,0.1574259430181291,0.8287766300101876,369.6789,169.5827,0.3529887543523122,PeMS08,0.8416144,0.78158593,0.76170725,7.132541,-0.019878685,High
123,0.8730495,0.106986284,1.1147894,0.39164707895039014,0.15563384447112094,0.8290580650173247,369.6789,169.5827,0.352845531971456,PeMS08,0.8463084,0.78225887,0.76304966,7.5681086,-0.019209206,High
124,0.7801568,0.2126195,0.9755607,0.4345010748444149,0.16246434628319972,0.8286192369367581,288.53503,132.36647,0.3837141224775808,PeMS08,0.73609006,0.6775066,0.6600996,7.9587326,-0.017407,High
125,0.93616396,0.10541806,1.2056767,0.43395506345437784,0.17697444958059913,0.851140383650605,369.6789,169.5827,0.35119519224039353,PeMS08,0.91989064,0.84333915,0.83557,8.321804,-0.0077691674,High
126,14.619063,13.357114,21.115305,0.9351100805321072,0.8204468772025253,0.9977038789019367,369.6789,169.5827,-0.07914146720345416,PeMS08,13.482899,9.107239,8.840746,32.453407,-0.26649284,Low
127,11.754326,0.86140496,22.787561,0.49708727121949464,0.028401795476805075,0.45374781303446166,318.2797,158.41853,0.04078874835737633,PeMS08,21.593117,20.114853,20.171835,6.845996,0.05698204,Low
128,12.791385,0.20715137,17.825548,0.3850287788759616,0.04850952589621533,0.14536133045852487,141.90295,76.019455,0.03326204707436809,PeMS08,12.845093,12.802133,12.904341,0.3344481,0.10220814,Low
129,13.543297,0.34288594,19.830326,0.4763826775489031,0.043653007762628815,0.09093613855266212,138.90913,70.74876,0.07888789489682373,PeMS08,12.200186,12.129784,12.273989,0.57705796,0.1442051,Low
130,15.023741,1.7208518,22.542646,0.38641511490092356,0.1384663222452661,0.1977473994356381,228.4937,77.765945,0.1946692968213767,PeMS08,13.762375,13.508874,13.70085,1.8419855,0.1919756,High
131,0.64875716,0.23810935,0.7755825,0.38159324251940446,0.08619467519990959,0.790436420983545,184.84195,84.798874,0.38985158658766067,PeMS08,0.6123445,0.5393076,0.5268162,11.927422,-0.012491405,High
132,17.30469,0.7640238,36.367832,0.661390546617555,0.06857955686306609,0.01897611976872904,293.32672,155.7422,0.10347220594699985,PeMS08,14.022567,14.050521,14.270979,-0.19935082,0.22045803,Low
133,23.756584,3.360984,33.099613,0.49119505504592126,0.10353029525478925,0.026548647038184537,224.06378,91.061775,0.09248483426993087,PeMS08,18.84085,18.840935,18.958681,-0.00044543284,0.11774635,Low
134,24.996239,0.8445859,41.6254,0.5455383275604193,0.022917162344844838,0.05111234349286719,266.6111,156.16278,0.06329257555200045,PeMS08,23.731138,23.67157,23.862852,0.2510137,0.19128227,Low
135,24.032198,0.92862946,36.301987,0.6423950950665115,0.02174115034782446,0.021565364442612978,203.14868,117.30472,0.11705238492799074,PeMS08,19.025654,19.190256,19.344398,-0.86515963,0.15414238,Middle
136,32.366337,4.357886,51.483418,0.6030023645995536,0.029383750906737602,0.10588024067747089,262.86697,122.41749,0.0640718223191472,PeMS08,25.92992,25.215548,25.21416,2.7550128,-0.0013866425,Low
137,19.62649,1.2639271,26.323122,0.3584627869108092,0.14197736647183137,0.07954761516479532,278.7085,121.17892,0.2052947979010236,PeMS08,18.96496,18.721561,18.941612,1.2834125,0.22005081,High
138,28.990973,3.4702976,46.424072,0.5627552507455481,0.022000954687905427,0.13316537989034155,216.40758,113.6893,0.08251693597662606,PeMS08,23.455872,23.190386,23.351599,1.131852,0.16121292,Low
139,6.262374,0.13758788,8.857568,0.35916741105259115,0.06689882544528078,0.142312690433454,42.355377,27.172075,0.19483817608823298,PeMS08,6.7523403,6.8061137,7.0123234,-0.7963669,0.20620966,High
140,14.076275,1.8522166,19.55182,0.21689620665843054,0.03715480649661127,0.0025352947191334472,197.04976,63.35407,0.11536976565634438,PeMS08,12.7272215,12.6789875,12.779316,0.37898284,0.100328445,Middle
141,0.882696,0.07186972,1.1293675,0.40654041572706795,0.167575701751469,0.8329362727998854,369.6789,169.5827,0.34719327221481205,PeMS08,0.8533095,0.7889519,0.7697915,7.5421214,-0.01916039,High
142,0.8736585,0.09379197,1.1163468,0.3949106458379395,0.15824946311278507,0.8288881337127485,369.6789,169.5827,0.3440624973105655,PeMS08,0.85068834,0.7856684,0.76713896,7.643218,-0.018529415,High
143,38.419216,6.0424256,63.835117,0.62473012517891,0.011147217186670543,0.10999077220279375,417.05066,198.83618,-0.01581441280779031,PeMS08,32.56188,32.253674,32.45337,0.94651985,0.19969559,Low
144,5.6906457,2.0283654,7.453448,0.9200879087583581,0.744688453809756,0.9957913344720071,184.84195,84.798874,0.19667248821671157,PeMS08,5.3849773,4.2248535,4.641453,21.543709,0.41659927,High
145,1.1699501,0.39407977,1.611185,0.6581977801884306,0.335105147000408,0.929692278294251,184.84195,84.798874,0.23402761659923055,PeMS08,1.1462321,1.0083821,1.0663707,12.026363,0.057988644,High
146,12.763845,0.57226676,17.028502,0.4396136589471658,0.11384960306268543,0.05443606649811992,106.30275,57.669605,0.05663225211280387,PeMS08,10.566893,10.293322,10.380822,2.5889447,0.08750057,Low
147,2.9410381,0.32166627,3.9514968,0.32717823629281745,0.08247720511665688,0.1520321962662754,9.875181,7.033171,0.16694443864909866,PeMS08,2.8122964,2.7732818,2.8278081,1.3872855,0.05452633,Middle
148,15.855551,3.5919073,22.412554,0.4291791193979348,0.2057593257006974,0.269586976345426,188.39236,79.955086,0.29060415264238576,PeMS08,15.958517,15.543405,15.714985,2.6011972,0.17158031,High
149,0.7745785,0.36839637,0.9035609,0.6182085461397194,0.07171281671447693,0.7008313003990497,92.44912,42.395245,0.2641670633388643,PeMS08,1.066401,0.89046615,0.89072007,16.498001,0.0002539158,High
150,19.435444,2.0945709,31.450203,0.42439788547587504,0.05605778086423163,0.01697432549990461,189.31352,89.21903,0.13648283532375813,PeMS08,23.633583,23.585972,23.758682,0.20145585,0.17271042,Middle
151,19.300974,0.8396092,26.48327,0.30880569691934007,0.10646118676229309,0.06085365983791697,297.1055,146.24966,0.1061383273587103,PeMS08,20.192545,20.087036,20.283821,0.5225136,0.19678497,Low
152,19.261093,2.226363,27.256632,0.34655884364276424,0.15517289877827103,0.19304998200894233,303.47498,145.2064,0.24050161549654966,PeMS08,19.67239,19.524244,19.726454,0.7530639,0.20220947,High
153,5.5159254,0.5305588,11.440244,0.6571316931012483,0.2542178180357932,0.3173974458600568,392.9991,186.27698,0.08769673316924644,PeMS08,3.6619217,3.289825,3.4989893,10.161243,0.20916438,Low
154,9.529991,4.6933217,13.10119,0.7236990884106436,0.49268633019579994,0.11174877107609292,84.72582,43.86162,0.07433988641401892,PeMS08,8.73847,5.882531,6.484747,32.68237,0.60221577,Low
155,10.508631,8.078383,13.225465,0.8441620125926065,0.2881941021198012,0.520648823003601,39.32999,46.128407,0.09157006601703344,PeMS08,7.7599874,5.6184783,4.7959385,27.596811,-0.8225398,Low
156,12.715325,1.9453126,18.232212,0.37499868090395344,0.023203058940073722,0.04072226913186261,99.51808,53.560688,0.03853543942093735,PeMS08,10.337712,10.335493,10.462007,0.021467034,0.12651348,Low
157,18.659489,1.937112,26.915962,0.29686793768760067,0.08999925246253145,0.016700012127408074,321.02893,130.09932,0.16858869069152915,PeMS08,18.700388,18.647234,18.843422,0.28424004,0.19618797,Middle
158,18.147501,0.23486258,24.441473,0.32919106129959513,0.10858721593629322,0.08914967284022912,299.02866,117.56601,0.11808537705670502,PeMS08,17.953478,17.905273,18.039713,0.2684963,0.13443947,Middle
159,0.76569533,0.25757483,0.9423399,0.36223955408232067,0.14634033772012175,0.8313886850169663,277.27017,127.19871,0.41630291680596004,PeMS08,0.715982,0.635821,0.61667615,11.195957,-0.019144833,High
160,20.201647,0.5898818,28.618113,0.47895638827625203,0.11903871422294621,0.03515067164305629,319.61755,115.84853,0.1150967882844981,PeMS08,24.728643,24.632212,24.833136,0.38995966,0.20092392,Middle
161,23.720804,0.26359627,35.967506,0.5081553297918912,0.019873477256769707,0.026360930026278064,381.05167,150.11232,0.07679696187512342,PeMS08,23.541111,23.468233,23.648928,0.30957708,0.18069458,Low
162,5.6425157,0.5107854,7.9386563,0.27287253772579506,0.13229275429456985,0.1361960273291208,40.34006,27.699385,0.15635120790367896,PeMS08,10.726993,9.964414,9.943547,7.1089725,-0.020866394,Middle
163,26.370619,7.755156,38.837624,0.6442796368612791,0.24215403538158983,0.03496202360713317,194.44453,118.355896,0.008143750820801078,PeMS08,18.28622,17.849504,17.91512,2.3882248,0.0656147,Low
164,17.993969,3.5003211,24.394892,0.36090434264770516,0.11451314637589771,0.1401861120009865,266.14313,128.83098,0.17622386883752642,PeMS08,17.015303,16.758375,16.862415,1.509979,0.104040146,Middle
165,12.838097,1.0108035,17.628603,0.3120721147385253,0.09854118483997408,0.06628133172524335,184.99883,57.065105,0.1548710161063517,PeMS08,21.071264,18.216465,18.1343,13.5483055,-0.082164764,Middle
166,8.196767,0.62621635,11.302875,0.3561404162598644,0.14748168678013215,0.1940624107793271,65.134544,40.23776,0.15637221755671254,PeMS08,8.262676,8.04428,8.256304,2.6431653,0.21202374,Middle
167,15.567048,0.63180727,20.862541,0.40269748997857646,0.17869735203326842,0.21405163014425413,201.9466,103.50417,0.20851263989570512,PeMS08,17.446766,17.079443,17.299322,2.1053927,0.21987915,High
168,15.69802,0.75139356,23.651154,0.4256183328136846,0.07852285570407318,0.08272496355212453,308.10257,134.2296,0.15755784904202427,PeMS08,17.95942,17.44974,17.439465,2.8379526,-0.010274887,Middle
169,4.662376,0.528108,6.62291,0.28274335596522476,0.10529205097356358,0.06981347690697427,26.808416,17.301022,0.16504516893232943,PeMS08,4.8860464,4.8672104,5.020178,0.3855064,0.15296745,Middle
