dataset,daily_block,start_origin,stop_origin_exclusive,origins,base_MAE,cmrr_MAE,improvement_percent,cmrr_win
PeMS04,1,0,288,288,18.263875243352036,17.994238798645345,1.4763375303104833,True
PeMS04,2,288,576,288,16.160964189150953,15.918601941077117,1.4996769081174988,True
PeMS04,3,576,864,288,16.9618375234378,16.818689013890484,0.8439445864843025,True
PeMS04,4,864,1152,288,17.85942613177651,17.573746596601918,1.5996008666050785,True
PeMS04,5,1152,1440,288,18.605696529304904,18.267889855626734,1.8156088547725548,True
PeMS04,6,1440,1728,288,19.39311171947287,19.06751828825207,1.6789127806336854,True
PeMS04,7,1728,2016,288,18.615581093467295,18.268156339327188,1.8663116257059933,True
PeMS04,8,2016,2304,288,17.100423993326068,16.698287036418375,2.3516198023197474,True
PeMS04,9,2304,2592,288,15.967916388686552,15.752308471302403,1.3502570538064067,True
PeMS04,10,2592,2880,288,19.99606548377012,19.867467422053117,0.6431168262645487,True
PeMS04,11,2880,3168,288,18.523033389387233,18.16219743994055,1.948039189161239,True
PeMS04,12,3168,3394,226,21.122962927206025,20.770713458196564,1.667613914882034,True
PeMS08,1,0,288,288,13.445445143056096,13.14847403417508,2.208711617364236,True
PeMS08,2,288,576,288,11.834143224254353,11.74792315946308,0.7285704014006151,True
PeMS08,3,576,864,288,13.852315146552018,13.494406626403249,2.583745145574859,True
PeMS08,4,864,1152,288,13.929824966162176,13.520205282802182,2.9405946187768106,True
PeMS08,5,1152,1440,288,13.742267388969829,13.305759615318847,3.1763883011135645,True
PeMS08,6,1440,1728,288,13.64480843501145,13.161105984483406,3.5449559649874143,True
PeMS08,7,1728,2016,288,14.172139617021568,13.694917816080176,3.367323592890803,True
PeMS08,8,2016,2304,288,13.142058875735605,12.855578141427381,2.1798771183193986,True
PeMS08,9,2304,2592,288,12.012814072069116,11.676863756288277,2.796599645722923,True
PeMS08,10,2592,2880,288,14.202969562369509,13.760668693112812,3.114143611407602,True
PeMS08,11,2880,3168,288,13.724472673337708,13.137071611165792,4.279953599332448,True
PeMS08,12,3168,3456,288,13.468332000519455,12.876782211377446,4.392153305392189,True
PeMS08,13,3456,3566,110,14.019853796867267,13.378887491807006,4.571847284195532,True
