dataset,method,horizon,revision_MAE,observations
PeMS04,Frozen,2,3.73095703125,1028071
PeMS04,Frozen,3,3.2303080558776855,1028080
PeMS04,Frozen,4,2.828287124633789,1028088
PeMS04,Frozen,5,2.6996705532073975,1028098
PeMS04,Frozen,6,2.628145694732666,1028104
PeMS04,Frozen,7,2.8508405685424805,1028113
PeMS04,Frozen,8,2.492586374282837,1028120
PeMS04,Frozen,9,2.4710047245025635,1028127
PeMS04,Frozen,10,2.4898948669433594,1028129
PeMS04,Frozen,11,2.538931369781494,1028135
PeMS04,Frozen,12,2.7421493530273438,1028139
PeMS04,Frozen,0,2.7911529541015625,11309204
PeMS04,CMRR,2,3.6644837856292725,1028071
PeMS04,CMRR,3,3.2251169681549072,1028080
PeMS04,CMRR,4,2.79884934425354,1028088
PeMS04,CMRR,5,2.620434284210205,1028098
PeMS04,CMRR,6,2.5781967639923096,1028104
PeMS04,CMRR,7,2.8014848232269287,1028113
PeMS04,CMRR,8,2.4338552951812744,1028120
PeMS04,CMRR,9,2.362175226211548,1028127
PeMS04,CMRR,10,2.3953514099121094,1028129
PeMS04,CMRR,11,2.441931962966919,1028135
PeMS04,CMRR,12,2.5872671604156494,1028139
PeMS04,CMRR,0,2.7190070152282715,11309204
PeMS08,Frozen,2,2.9000344276428223,604004
PeMS08,Frozen,3,2.399487018585205,604004
PeMS08,Frozen,4,2.1151015758514404,604004
PeMS08,Frozen,5,1.9523561000823975,604004
PeMS08,Frozen,6,1.9201065301895142,604003
PeMS08,Frozen,7,1.8987823724746704,604002
PeMS08,Frozen,8,1.7982109785079956,604002
PeMS08,Frozen,9,1.7720224857330322,604002
PeMS08,Frozen,10,1.7859523296356201,604001
PeMS08,Frozen,11,1.8431826829910278,603999
PeMS08,Frozen,12,2.107173442840576,603999
PeMS08,Frozen,0,2.044764995574951,6644024
PeMS08,CMRR,2,3.048283815383911,604004
PeMS08,CMRR,3,2.5631492137908936,604004
PeMS08,CMRR,4,2.284050703048706,604004
PeMS08,CMRR,5,2.120112657546997,604004
PeMS08,CMRR,6,2.07161808013916,604003
PeMS08,CMRR,7,2.0476503372192383,604002
PeMS08,CMRR,8,1.9249168634414673,604002
PeMS08,CMRR,9,1.8682615756988525,604002
PeMS08,CMRR,10,1.8748712539672852,604001
PeMS08,CMRR,11,1.9087039232254028,603999
PeMS08,CMRR,12,2.11002779006958,603999
PeMS08,CMRR,0,2.1656041145324707,6644024
