dataset,missing_fraction,seed,summary,MAE,RMSE,MAPE,mean,sd,min,max
PeMS08,0.1,2026,individual,13.070024490356445,22.768199920654297,8.681316375732422,,,,
PeMS08,0.1,2027,individual,13.070028305053711,22.768205642700195,8.681316375732422,,,,
PeMS08,0.1,2028,individual,13.07003402709961,22.768205642700195,8.681313514709473,,,,
PeMS08,0.1,2029,individual,13.070028305053711,22.76820182800293,8.681317329406738,,,,
PeMS08,0.1,2030,individual,13.070022583007812,22.768205642700195,8.681319236755371,,,,
PeMS08,0.1,,MAE_mean_sd,,,,13.070027542114257,4.39104630783895e-06,13.070022583007812,13.07003402709961
PeMS08,0.1,,RMSE_mean_sd,,,,22.768203735351562,2.6973983046972182e-06,22.768199920654297,22.768205642700195
PeMS08,0.1,,MAPE_mean_sd,,,,8.681316566467284,2.0675166500738907e-06,8.681313514709473,8.681319236755371
PeMS08,0.3,2026,individual,13.128944396972656,22.842126846313477,8.720840454101562,,,,
PeMS08,0.3,2027,individual,13.128944396972656,22.84213638305664,8.720839500427246,,,,
PeMS08,0.3,2028,individual,13.128944396972656,22.842134475708008,8.720842361450195,,,,
PeMS08,0.3,2029,individual,13.128944396972656,22.842132568359375,8.720842361450195,,,,
PeMS08,0.3,2030,individual,13.128949165344238,22.842130661010742,8.720846176147461,,,,
PeMS08,0.3,,MAE_mean_sd,,,,13.128945350646973,2.132480599880018e-06,13.128944396972656,13.128949165344238
PeMS08,0.3,,RMSE_mean_sd,,,,22.84213218688965,3.668858349165219e-06,22.842126846313477,22.84213638305664
PeMS08,0.3,,MAPE_mean_sd,,,,8.720842170715333,2.5589767198560216e-06,8.720839500427246,8.720846176147461
PeMS08,0.5,2026,individual,13.193658828735352,22.918415069580078,8.775468826293945,,,,
PeMS08,0.5,2027,individual,13.193663597106934,22.918420791625977,8.775470733642578,,,,
PeMS08,0.5,2028,individual,13.193670272827148,22.918424606323242,8.775474548339844,,,,
PeMS08,0.5,2029,individual,13.19367504119873,22.918424606323242,8.775477409362793,,,,
PeMS08,0.5,2030,individual,13.193672180175781,22.918428421020508,8.775477409362793,,,,
PeMS08,0.5,,MAE_mean_sd,,,,13.193667984008789,6.627864972646352e-06,13.193658828735352,13.19367504119873
PeMS08,0.5,,RMSE_mean_sd,,,,22.91842269897461,5.0463701459209265e-06,22.918415069580078,22.918428421020508
PeMS08,0.5,,MAPE_mean_sd,,,,8.77547378540039,3.897250507679472e-06,8.775468826293945,8.775477409362793
