dataset,method,measure,horizon,value
PeMS04,Frozen,Mean absolute node bias,0,2.3101513385772705
PeMS04,Frozen,Network-median residual variability,0,2.3740830421447754
PeMS04,Frozen,Lag-1 ACF,1,0.16430517675157288
PeMS04,Frozen,Daily ACF,1,0.009590457903484523
PeMS04,Frozen,Weekly ACF,1,0.5173065193228508
PeMS04,Frozen,Lag-1 ACF,6,0.5388014978740037
PeMS04,Frozen,Daily ACF,6,0.1797659250219005
PeMS04,Frozen,Weekly ACF,6,0.4036018463419893
PeMS04,Frozen,Lag-1 ACF,12,0.6729322074555838
PeMS04,Frozen,Daily ACF,12,0.16135832947611817
PeMS04,Frozen,Weekly ACF,12,0.26625770757674094
PeMS04,CMRR,Mean absolute node bias,0,1.5746961832046509
PeMS04,CMRR,Network-median residual variability,0,2.1744542121887207
PeMS04,CMRR,Lag-1 ACF,1,0.13520947664847338
PeMS04,CMRR,Daily ACF,1,-0.05844860490591955
PeMS04,CMRR,Weekly ACF,1,0.12209414346423476
PeMS04,CMRR,Lag-1 ACF,6,0.5048360324938944
PeMS04,CMRR,Daily ACF,6,0.07371868392822056
PeMS04,CMRR,Weekly ACF,6,0.16760188778319543
PeMS04,CMRR,Lag-1 ACF,12,0.641282066026707
PeMS04,CMRR,Daily ACF,12,0.05711148342538579
PeMS04,CMRR,Weekly ACF,12,0.12391055838362301
PeMS08,Frozen,Mean absolute node bias,0,1.9155869483947754
PeMS08,Frozen,Network-median residual variability,0,1.2611840963363647
PeMS08,Frozen,Lag-1 ACF,1,0.2505710873105359
PeMS08,Frozen,Daily ACF,1,0.1637252209608797
PeMS08,Frozen,Weekly ACF,1,0.6739808002710848
PeMS08,Frozen,Lag-1 ACF,6,0.685371683435506
PeMS08,Frozen,Daily ACF,6,0.34983430597530735
PeMS08,Frozen,Weekly ACF,6,0.60354318098725
PeMS08,Frozen,Lag-1 ACF,12,0.7823246980414484
PeMS08,Frozen,Daily ACF,12,0.363727069680917
PeMS08,Frozen,Weekly ACF,12,0.7651401656545241
PeMS08,CMRR,Mean absolute node bias,0,1.032042145729065
PeMS08,CMRR,Network-median residual variability,0,1.0570727586746216
PeMS08,CMRR,Lag-1 ACF,1,0.16035802620054398
PeMS08,CMRR,Daily ACF,1,-0.027840313007004746
PeMS08,CMRR,Weekly ACF,1,0.5417014222376154
PeMS08,CMRR,Lag-1 ACF,6,0.6394382261264582
PeMS08,CMRR,Daily ACF,6,0.14466087600088864
PeMS08,CMRR,Weekly ACF,6,0.29457388696655656
PeMS08,CMRR,Lag-1 ACF,12,0.7854951995026386
PeMS08,CMRR,Daily ACF,12,0.2639716739424751
PeMS08,CMRR,Weekly ACF,12,0.6506081667557043
