dataset,method,metric,value,base,improvement_percent
PeMS04,Ordinary ridge,MAE,17.86359977722168,18.164531707763672,1.6567007362671033
PeMS04,Ordinary ridge,RMSE,29.43553352355957,29.72980499267578,0.9898197085002997
PeMS04,Ordinary ridge,MAPE,11.890809059143066,11.924560546875,0.28304177415392173
PeMS04,Huber only,MAE,17.868824005126953,18.164531707763672,1.6279401384750856
PeMS04,Huber only,RMSE,29.43854331970215,29.72980499267578,0.9796958743772045
PeMS04,Huber only,MAPE,11.919706344604492,11.924560546875,0.04070759883709027
PeMS04,Magnitude only,MAE,17.903581619262695,18.164531707763672,1.4365913346912451
PeMS04,Magnitude only,RMSE,29.458885192871094,29.72980499267578,0.9112733832981116
PeMS04,Magnitude only,MAPE,11.753722190856934,11.924560546875,1.4326595545932888
PeMS04,Huber + magnitude,MAE,17.88142967224121,18.164531707763672,1.5585429895859124
PeMS04,Huber + magnitude,RMSE,29.44806480407715,29.72980499267578,0.9476691443756263
PeMS04,Huber + magnitude,MAPE,11.745647430419922,11.924560546875,1.5003749257826096
PeMS08,Ordinary ridge,MAE,13.025320053100586,13.449321746826172,3.1525879275335478
PeMS08,Ordinary ridge,RMSE,22.666780471801758,23.23230743408203,2.4342264059860006
PeMS08,Ordinary ridge,MAPE,8.744170188903809,8.814688682556152,0.8000111653619314
PeMS08,Huber only,MAE,13.028278350830078,13.449321746826172,3.130592039672583
PeMS08,Huber only,RMSE,22.672346115112305,23.23230743408203,2.410269925010796
PeMS08,Huber only,MAPE,8.739274978637695,8.814688682556152,0.8555458579915266
PeMS08,Magnitude only,MAE,13.063610076904297,13.449321746826172,2.8678893789785116
PeMS08,Magnitude only,RMSE,22.71094512939453,23.23230743408203,2.244126228816412
PeMS08,Magnitude only,MAPE,8.756776809692383,8.814688682556152,0.6569928326382571
PeMS08,Huber + magnitude,MAE,13.0425443649292,13.449321746826172,3.0245196713578935
PeMS08,Huber + magnitude,RMSE,22.73308563232422,23.23230743408203,2.1488257383571336
PeMS08,Huber + magnitude,MAPE,8.665827751159668,8.814688682556152,1.6887826304186222
