dataset,comparison,metric,mean_improvement,ci95_low,ci95_high,probability_improvement
PeMS08,Full CMRR minus Node periodic channels only,MAE,0.0037127289445012634,0.0023119804175146808,0.005343223526825635,1.0
PeMS08,Full CMRR minus Node periodic channels only,RMSE,0.002753009466756559,0.000885893651842995,0.004986206757324306,1.0
PeMS08,Full CMRR minus Node periodic channels only,MAPE,0.0015115423632283548,-0.0013575465841838066,0.004595600027545131,0.8428
PeMS08,Full CMRR minus Global periodic channels only,MAE,0.24073076217800427,0.1824961067842537,0.29945712548225684,1.0
PeMS08,Full CMRR minus Global periodic channels only,RMSE,0.32602008205948807,0.24082682914438552,0.4136399446769971,1.0
PeMS08,Full CMRR minus Global periodic channels only,MAPE,0.06924851725414458,0.01762256983836155,0.11957547654154745,0.996
PeMS08,Full CMRR minus Shared coefficients across horizons,MAE,0.01336369052475823,0.009497134024184862,0.017181478018896,1.0
PeMS08,Full CMRR minus Shared coefficients across horizons,RMSE,0.02401768857085208,0.017022964493145932,0.03126973823189835,1.0
PeMS08,Full CMRR minus Shared coefficients across horizons,MAPE,0.00129782508548032,-0.0022820182040598352,0.005004168009039785,0.7546
PeMS08,Full CMRR minus Node evidence only,MAE,0.08964468035083555,0.0778751707855672,0.101238475031638,1.0
PeMS08,Full CMRR minus Node evidence only,RMSE,0.08847244830197032,0.07207513866193552,0.10422588876551532,1.0
PeMS08,Full CMRR minus Node evidence only,MAPE,0.14718604626221485,0.12093642664220451,0.17786452749813805,1.0
PeMS08,Full CMRR minus Global evidence only,MAE,0.40842487286539525,0.33200595277352596,0.48028996455547807,1.0
PeMS08,Full CMRR minus Global evidence only,RMSE,0.48227819235336794,0.38725397372353954,0.5785168495474649,1.0
PeMS08,Full CMRR minus Global evidence only,MAPE,0.1541257256110679,0.05689819641591119,0.2561264666726719,0.9996
