backbone,dataset,metric,base_mean,base_sd,cmrr_mean,cmrr_sd,gain_mean_percent,gain_sd_percent,checkpoints
Official STID,PeMS04,MAE,18.379820505777996,0.017368654856219627,18.127129236857098,0.007788954288904426,1.374797307990083,0.05246213364653022,3
Official STID,PeMS04,MAPE,12.604616483052572,0.012194348703331939,12.519818305969238,0.030643472528450264,0.6727694671929316,0.21329585041846016,3
Official STID,PeMS04,RMSE,29.91461181640625,0.008612972301826588,29.646994908650715,0.016078016918556065,0.8945945799754723,0.06687709080744096,3
Official STID,PeMS08,MAE,14.219404538472494,0.011123074015118537,13.587122917175293,0.008397086488447735,4.446548982701722,0.12535811032691668,3
Official STID,PeMS08,MAPE,9.249043146769205,0.007566398556790252,9.156042416890463,0.0334798534949461,1.0056307015443267,0.30144366093031333,3
Official STID,PeMS08,RMSE,23.385249455769856,0.021366250349280556,22.739962259928387,0.014979131530504706,2.759356214382264,0.04765956395871445,3
STAEformer,PeMS04,MAE,18.21081606547038,0.04841079497341223,17.945637385050457,0.058123930776638175,1.4562367110711032,0.10374379084625063,3
STAEformer,PeMS04,MAPE,11.999412536621094,0.07400539472497102,11.847957928975424,0.10602291404692771,1.2633008555985878,0.2800883232212863,3
STAEformer,PeMS04,RMSE,30.105661392211914,0.3307091054793669,29.79456837972005,0.3038020944445071,1.0327615204544747,0.08133336755849453,3
STAEformer,PeMS08,MAE,13.497563044230143,0.04707279260361433,13.072249412536621,0.02625423012587821,3.150606977724559,0.22264302754360896,3
STAEformer,PeMS08,MAPE,8.869363149007162,0.05037898782547956,8.713985443115234,0.04352188978638965,1.7515889792869268,0.07396042249331548,3
STAEformer,PeMS08,RMSE,23.226015090942383,0.06619700350413332,22.701682408650715,0.03441907529522341,2.257184398292471,0.2089346088874088,3
