backbone,dataset,seed,metric,base,cmrr,gain_percent,gain_absolute,temporal_ci_low_percent,temporal_ci_high_percent
Official STID,PeMS03,2026,MAE,15.30189323425293,14.633963584899902,4.365013133524435,0.6679296493530273,2.782162160800792,6.2352581921001375
Official STID,PeMS03,2026,RMSE,26.559429168701172,25.666305541992188,3.362736529599369,0.8931236267089844,2.379435824076503,4.41455726027899
Official STID,PeMS03,2026,MAPE,16.412673950195312,15.367475509643555,6.368239835406709,1.0451984405517578,1.3408676586549921,11.771594609699862
Official STID,PeMS04,2026,MAE,18.388011932373047,18.132404327392578,1.3900774369765245,0.25560760498046875,0.9887841337041349,1.7317592073298975
Official STID,PeMS04,2026,RMSE,29.910717010498047,29.632280349731445,0.9308926317910601,0.27843666076660156,0.6168784427815598,1.1928217638973684
Official STID,PeMS04,2026,MAPE,12.592150688171387,12.518871307373047,0.5819449164246093,0.07327938079833984,0.29417807438172117,0.8678824788643674
Official STID,PeMS04,2027,MAE,18.391578674316406,18.130800247192383,1.4179230165173207,0.26077842712402344,0.9993241580969606,1.7552180787787377
Official STID,PeMS04,2027,RMSE,29.924484252929688,29.644548416137695,0.9354742238024895,0.2799358367919922,0.612085741592742,1.1948917544144815
Official STID,PeMS04,2027,MAPE,12.605178833007812,12.489659309387207,0.9164449402185952,0.11551952362060547,0.41250565072592216,1.3527565081685735
Official STID,PeMS04,2028,MAE,18.35987091064453,18.118183135986328,1.3163914704764041,0.24168777465820312,0.880565544881555,1.6986977669836738
Official STID,PeMS04,2028,RMSE,29.908634185791016,29.664155960083008,0.8174168843328675,0.2444782257080078,0.5082568969889755,1.1009920818584644
Official STID,PeMS04,2028,MAPE,12.616519927978516,12.550924301147461,0.5199185449355903,0.06559562683105469,-0.04429124080079128,1.0384904746512118
Official STID,PeMS07,2026,MAE,19.606599807739258,19.170312881469727,2.2252044237538677,0.43628692626953125,1.8956089285106696,2.5538383965837155
Official STID,PeMS07,2026,RMSE,32.72216796875,32.21794128417969,1.5409330000746102,0.5042266845703125,1.3042492727191606,1.7752283423551443
Official STID,PeMS07,2026,MAPE,8.319506645202637,8.09389591217041,2.711828268835182,0.22561073303222656,2.4053085874524798,3.014299614331476
Official STID,PeMS08,2026,MAE,14.230123519897461,13.584572792053223,4.536508252662658,0.6455507278442383,3.6494106635825134,5.485055743932164
Official STID,PeMS08,2026,RMSE,23.39958953857422,22.74123764038086,2.8135190025793673,0.6583518981933594,2.1063814162136665,3.5512855243434687
Official STID,PeMS08,2026,MAPE,9.240509986877441,9.120917320251465,1.294221496387229,0.11959266662597656,0.021799712225415515,2.7320104099733533
Official STID,PeMS08,2027,MAE,14.207917213439941,13.5964994430542,4.303359607186993,0.6114177703857422,3.432386372364426,5.227429089058758
Official STID,PeMS08,2027,RMSE,23.360692977905273,22.72438621520996,2.7238351332177366,0.6363067626953125,2.0230936827271955,3.455561308047033
Official STID,PeMS08,2027,MAPE,9.254934310913086,9.15962028503418,1.029872527204384,0.09531402587890625,-0.1658417987623295,2.3954782966660906
Official STID,PeMS08,2028,MAE,14.220172882080078,13.580296516418457,4.499779088255516,0.6398763656616211,3.6000040251506054,5.466718842480431
Official STID,PeMS08,2028,RMSE,23.395465850830078,22.754262924194336,2.7407145073496886,0.6412029266357422,2.008046623933916,3.5087670218680267
Official STID,PeMS08,2028,MAPE,9.25168514251709,9.187589645385742,0.692798081041367,0.06409549713134766,-0.5413130415238296,2.0493219879235363
STAEformer,PeMS04,2026,MAE,18.164531707763672,17.88142967224121,1.5585429895859124,0.28310203552246094,1.2923184954988225,1.808604270837686
STAEformer,PeMS04,2026,RMSE,29.72980499267578,29.44806480407715,0.9476691443756263,0.2817401885986328,0.7619850655465776,1.1115763048011016
STAEformer,PeMS04,2026,MAPE,11.924560546875,11.745647430419922,1.5003749257826096,0.17891311645507812,1.2906737926006906,1.7146680780529668
STAEformer,PeMS04,2027,MAE,18.261104583740234,17.994665145874023,1.4590543340047992,0.26643943786621094,1.1470571869307595,1.7404227381694333
STAEformer,PeMS04,2027,RMSE,30.352048873901367,30.01522445678711,1.1097254703087969,0.3368244171142578,0.877482053125399,1.3322831514323108
STAEformer,PeMS04,2027,MAPE,12.072541236877441,11.9573392868042,0.9542477247569057,0.11520195007324219,0.7034931350185882,1.2086126225226423
STAEformer,PeMS04,2028,MAE,18.206811904907227,17.960817337036133,1.3511128096225984,0.24599456787109375,1.136665103245795,1.5513800322574416
STAEformer,PeMS04,2028,RMSE,30.235130310058594,29.9204158782959,1.040889946679001,0.3147144317626953,0.8699561009530496,1.211322206843117
STAEformer,PeMS04,2028,MAPE,12.00113582611084,11.840887069702148,1.335279916256248,0.1602487564086914,1.078494689374983,1.600457074512755
STAEformer,PeMS08,2026,MAE,13.449321746826172,13.0425443649292,3.0245196713578935,0.40677738189697266,2.4988652301204346,3.5596932801829024
STAEformer,PeMS08,2026,RMSE,23.23230743408203,22.73308563232422,2.1488257383571336,0.4992218017578125,1.7553380181630107,2.5547231335661893
STAEformer,PeMS08,2026,MAPE,8.814688682556152,8.665827751159668,1.6887826304186222,0.14886093139648438,0.6676763408368431,2.793626165277026
STAEformer,PeMS08,2027,MAE,13.543373107910156,13.08185863494873,3.4076774617681704,0.4615144729614258,2.813426410570822,4.0251544619831945
STAEformer,PeMS08,2027,RMSE,23.288841247558594,22.707077026367188,2.4980385026773004,0.5817642211914062,2.019036457761924,2.9959749884797846
STAEformer,PeMS08,2027,MAPE,8.879493713378906,8.72562313079834,1.7328756294824175,0.1538705825805664,0.39367202510574567,3.190796583125273
STAEformer,PeMS08,2028,MAE,13.499994277954102,13.092345237731934,3.019623800047613,0.40764904022216797,2.5047446443422143,3.5364983648419064
STAEformer,PeMS08,2028,RMSE,23.156896591186523,22.664884567260742,2.1246889538429783,0.49201202392578125,1.737147278444263,2.535622460248484
STAEformer,PeMS08,2028,MAPE,8.913907051086426,8.750505447387695,1.8331086779597405,0.16340160369873047,0.45308401064847853,3.302930723243736
