dataset,regime,origins,volatility_q80_threshold,base_MAE,base_RMSE,base_MAPE,cmrr_MAE,cmrr_RMSE,cmrr_MAPE,improvement_MAE_percent,improvement_RMSE_percent,improvement_MAPE_percent
PEMS04,all,3394,,18.164531707763672,29.72980499267578,11.924560546875,17.88142967224121,29.44806480407715,11.745647430419922,1.5585429895859124,0.9476691443756263,1.5003749257826096
PEMS04,morning_peak_07_09,288,,21.77052116394043,33.5640983581543,9.5438814163208,21.459142684936523,33.26868438720703,9.4713134765625,1.4302757231170815,0.8801486868348891,0.7603608698888882
PEMS04,evening_peak_16_19,432,,24.163612365722656,36.22595977783203,9.076669692993164,23.882951736450195,35.949459075927734,8.99092960357666,1.1615011241886692,0.7632667391009957,0.9446205746882242
PEMS04,off_peak,2674,,16.787952423095703,28.056482315063477,12.651043891906738,16.507535934448242,27.773475646972656,12.445273399353027,1.670343598673078,1.0087033182305771,1.6265099885184071
PEMS04,weekday,2292,,18.575145721435547,30.368640899658203,12.106240272521973,18.297624588012695,30.085664749145508,11.923463821411133,1.4940455250512232,0.9318038019800886,1.5097705563113184
PEMS04,weekend,1102,,17.31144905090332,28.356700897216797,11.547134399414062,17.016801834106445,28.07719612121582,11.376252174377441,1.7020367037472242,0.9856745219201782,1.4798669446966184
PEMS04,high_volatility_q80,679,28.260927,24.95664405822754,37.9691276550293,9.18315315246582,24.685415267944336,37.709800720214844,9.11312198638916,1.086799930513038,0.6829941872001458,0.7626047928630668
PEMS04,chronological_q1,848,,17.28764533996582,27.87333869934082,11.74114990234375,17.069150924682617,27.666902542114258,11.621953964233398,1.2638760859935314,0.7406222822938844,1.0151981628865658
PEMS04,chronological_q2,849,,18.822023391723633,30.66033363342285,11.609825134277344,18.510177612304688,30.357805252075195,11.423134803771973,1.6568132603430366,0.9867093586283414,1.608037402339322
PEMS04,chronological_q3,848,,17.438674926757812,28.678171157836914,11.502862930297852,17.107908248901367,28.348779678344727,11.302125930786133,1.8967420359956284,1.1485790975976315,1.745104681574441
PEMS04,chronological_q4,849,,19.105812072753906,31.552446365356445,12.84174633026123,18.834579467773438,31.266340255737305,12.632912635803223,1.4196340042895301,0.906763635079896,1.6262094662771591
PEMS08,all,3566,,13.449321746826172,23.23230743408203,8.814688682556152,13.0425443649292,22.73308563232422,8.665827751159668,3.0245196713578935,2.1488257383571336,1.6887826304186222
PEMS08,morning_peak_07_09,288,,16.622238159179688,28.094736099243164,8.186635971069336,16.175752639770508,27.491201400756836,8.22577953338623,2.6860734104125834,2.1482127340665307,-0.47813976895056215
PEMS08,evening_peak_16_19,468,,15.349223136901855,25.36246109008789,6.371756076812744,14.958086013793945,24.92904281616211,6.245164394378662,2.548253547552888,1.7088967525125902,1.9867628469764844
PEMS08,off_peak,2810,,12.805206298828125,22.288034439086914,9.287825584411621,12.399908065795898,21.787784576416016,9.115889549255371,3.165105064096606,2.244477250957588,1.8511979321061083
PEMS08,weekday,2714,,13.341163635253906,23.004257202148438,8.715736389160156,12.972497940063477,22.561595916748047,8.613960266113281,2.763369862402661,1.9242581123595208,1.1677283307174702
PEMS08,weekend,852,,13.794065475463867,23.94478416442871,9.130143165588379,13.265830039978027,23.27129554748535,8.831158638000488,3.8294398154440854,2.812673575666903,3.2746970355817306
PEMS08,high_volatility_q80,714,19.37647,17.077627182006836,28.925928115844727,7.472969055175781,16.529293060302734,28.287498474121094,7.374342441558838,3.2108331904670693,2.207118952819083,1.3197781616482747
PEMS08,chronological_q1,891,,13.157146453857422,22.78651237487793,8.400375366210938,12.903294563293457,22.503761291503906,8.38060188293457,1.9293840914079083,1.2408703829803975,0.23538809177388212
PEMS08,chronological_q2,892,,13.873350143432617,24.027868270874023,9.109763145446777,13.42878246307373,23.49129295349121,9.032254219055176,3.204472429244761,2.2331374191577185,0.8508336073517115
PEMS08,chronological_q3,891,,13.117759704589844,22.860355377197266,8.724587440490723,12.75760555267334,22.415685653686523,8.560379981994629,2.7455461910198555,1.9451566529638953,1.8821229039898046
PEMS08,chronological_q4,892,,13.648775100708008,23.233558654785156,9.023898124694824,13.080385208129883,22.504539489746094,8.690049171447754,4.164402214735304,3.1377852005849074,3.699609067321564
