dataset,method,MAE,RMSE,MAPE,selected_alpha
PeMS03,Historical average,32.36378111982007,53.52979122832146,35.023497615291504,
PeMS03,Persistence,23.80950501199379,37.52314455677039,22.4060127677532,
PeMS03,Recent mean (12 steps),30.065702744000163,47.18761307146346,28.794952912257408,
PeMS03,Daily seasonal naive,30.193789504142536,56.02891918311396,27.218053728863378,
PeMS03,Weekly seasonal naive,30.096060902270096,57.495381366545544,26.851676246154618,
PeMS03,Node-wise ridge AR(12),21.709927215053984,33.677884389646,29.303231626075092,0.1
PeMS04,Historical average,38.61480561537031,58.59390493607539,28.979132946618424,
PeMS04,Persistence,31.56020513280938,48.36083190604382,21.385479334473658,
PeMS04,Recent mean (12 steps),38.43105687107674,56.57441954507785,28.674149169866936,
PeMS04,Daily seasonal naive,40.54652453353856,66.00807049160537,28.307596862123496,
PeMS04,Weekly seasonal naive,30.363531555597042,51.860858202240436,20.831310289848993,
PeMS04,Node-wise ridge AR(12),28.463397283341905,42.7589970265526,29.870421102802148,0.1
PeMS07,Historical average,47.49098063906419,74.5660663848155,22.954728251309685,
PeMS07,Persistence,35.4519577645397,53.87254495708432,15.65557640271462,
PeMS07,Recent mean (12 steps),45.32544525393416,67.11965229875652,21.625648176143894,
PeMS07,Daily seasonal naive,46.72968272328691,75.98583480223878,20.565296675823028,
PeMS07,Weekly seasonal naive,30.31845282060711,56.5948128220066,12.445423000337037,
PeMS07,Node-wise ridge AR(12),31.59025804281544,47.49654824561537,16.50959915380439,1.0
PeMS08,Historical average,36.49517566318416,54.21830035391274,24.5293812490958,
PeMS08,Persistence,25.280648535233013,38.63676296363421,15.6244845569304,
PeMS08,Recent mean (12 steps),32.00147981472188,47.457919776183054,20.29838485397299,
PeMS08,Daily seasonal naive,36.529830344786426,60.69834756856121,24.56943823792297,
PeMS08,Weekly seasonal naive,21.93206127945908,44.06227265651283,14.82664704758051,
PeMS08,Node-wise ridge AR(12),22.453673198257196,34.19868055057663,15.808494284297952,0.1
