dataset,block_origins,metric,mean_improvement,ci95_low,ci95_high,probability_improvement
PeMS04,12,MAE,0.28270929247681265,0.26161333077046434,0.3050410175626337,1.0
PeMS04,12,RMSE,0.2815777818132616,0.2574650691221646,0.3061582634518249,1.0
PeMS04,12,MAPE,0.17839944750224762,0.14759092298338478,0.21050635104992077,1.0
PeMS04,36,MAE,0.28351758179351827,0.25111950176335884,0.316475171795529,1.0
PeMS04,36,RMSE,0.2824117357062801,0.24722655757153147,0.31719963377678,1.0
PeMS04,36,MAPE,0.17993167086442538,0.13349383767715053,0.22896860274277372,1.0
PeMS04,72,MAE,0.2832417765355338,0.2437770119068265,0.3247894289818096,1.0
PeMS04,72,RMSE,0.28230597137533725,0.23864108781011595,0.32762828053554244,1.0
PeMS04,72,MAPE,0.17939847427124442,0.13000913424040417,0.23460439526398472,1.0
PeMS04,144,MAE,0.2830356625006256,0.2421801850316978,0.32700723802513926,1.0
PeMS04,144,RMSE,0.2817793100813735,0.23520801730746932,0.3264769058653432,1.0
PeMS04,144,MAPE,0.17889165652583602,0.1390275548623017,0.21965128831872024,1.0
PeMS04,288,MAE,0.2831266047192802,0.23474360692943322,0.32852465430018035,1.0
PeMS04,288,RMSE,0.2821331247550246,0.2265369319668224,0.33046946993159737,1.0
PeMS04,288,MAPE,0.17887383049283118,0.15390717786131722,0.2044666331453639,1.0
